Species;Name;Area 1;Area 2;Area 3;Area 4;Area 5;Area 6;Area 7;Area 8;Area 9;Area 10;Area 11;Area 12;Area 13;Area 14;Area 15;Area 16;Area 17;Area 18;Area 19;Area 20;Area 21;Area 22;Area 23;Area 24;Area 25;Area 26;Area 27;Area 28;Area 29;Area 30;Area 31;Area 32;Area 33;Area 34;Area 35;Area 36;Area 37;Area 38;Area 39;Area 40;Area 41;Area 42;Area 43;Area 44;Area 45;Area 46;Area 47;Area 48;Area 49;Area 50;Area 51;Area 52;Area 53;Area 54;Area 55;Area 56;Area 57;Area 58;Area 59;Area 60;Area 61;Area 62;Area 63;Area 64;Area 65;Area 66;Area 67;Area 68;Area 69;Area 70;Area 71;Area 72;Area 73;Area 74;Area 75;Area 76;Area 77;Area 78;Area 79;Area 80;Area 81;Area 82;Area 83;Area 84;Area 85;Area 86;Area 87;Area 88;Area 89;Area 90;Area 91;Area 92;Area 93;Area 94;Area 95;Area 96;Area 97;Area 98;Area 99;Area 100;Area 101;Area 102
X-Coordinaat (m);;173806;173805;174027;173696;174118;174086;174290;174243;174118;174248;174330;174350;174072;173673;174078;173931;173939;174150;174096;174298;174268;174135;174114;174213;174174;173568;173574;173450;173470;173724;173923;173887;173937;173822;174216;174448;174849;174789;174627;174631;174728;174717;174627;174745;174817;174786;174884;173581;174106;174257;174115;174172;174212;173903;173695;174257;174342;173925;174352;174445;174109;174241;174128;174091;174019;174064;173571;173580;173578;174249;174275;174138;173672;174282;174248;174094;174298;173806;174220;174.118.744.683.171;173.932.549.433.032;17.372.852.263.325;174853;174885;174744;174710;174812;174785;174.292.496.848.629;174789;174626;174.721.403.549.363;174.621.001.854.866;173.447.512.243.285;173934;173941;174110;174145;173.453.601.056.462;173.829.406.385.505;;
Y-Coordinaat (m);;444352;444354;444013;443860;444036;444027;444152;444215;444226;444305;444230;444308;444118;444103;444449;444162;444202;444301;444284;444447;444554;444492;444205;444260;444167;444054;443988;443736;443808;443940;444032;444118;444119;444220;444195;444357;444467;444366;444230;444228;443919;444126;444078;444334;444384;444044;444262;443959;444340;444543;444227;444162;444256;444124;443859;444306;444214;444033;444308;444362;444338;444215;444035;444015;444011;444111;444048;443980;443961;444541;444547;444482;444116;444310;444271;444468;444445;444353;444188;444.203.517.406.324;444.121.959.242.255;443.939.466.800.418;444469;444262;444342;444129;444402;444359;44.415.578.913.797;444047;444225;443.918.817.373.603;44.409.031.571.689;443.732.591.499.038;444180;444215;444269;444302;443.819.951.806.492;444.209.092.018.238;;
Hogere plant;Achillea millefolium - Duizendblad;8.0;;2.0;8.0;8.0;2.0;8.0;3.0;8.0;2.0;8.0;;3.0;2.0;2.0;;;;;;;;;;2.0;8.0;8.0;;;;;;;;3.0;;;;;;;;;8.0;;;;8.0;8.0;;8.0;2.0;;;8.0;8.0;8.0;;;;8.0;2.0;8.0;4.0;2.0;8.0;8.0;8.0;8.0;;;;1.0;;8.0;4.0;;;4.0;;;;;;3.0;;;;2.0;;;;;;;;;;;;0.0;
Hogere plant;Aira caryophyllea - Zilverhaver;8.0;2.0;;;;;;;;;;;;;;;;;;;;;;;;;8.0;;;;;;;;;;;;;;;;;;;;;;;;;;;;;;;;;;;;;;;;;8.0;;;;;;;;2.0;;1.0;;;;;;;;;;;;;;;;;;;;;;;0.0;
Hogere plant;Aira praecox - Vroege haver;2.0;;;;;;;;;;;;;;2.0;;;;;;;;;;;;;;;;;;;;;;;;;;;;;;;;;;;;;;;;;;;;;;;;;;;;;;;;;;;;;;;;;;;;;;;;;;;;;;;;;;;;;;0.0;
Hogere plant;Aphanes australis - Kleine leeuwenklauw;8.0;2.0;;;;;;;;;;;;;1.0;;;;;;;;;;;2.0;;;;;;;;;;;;;;;;;;;;;;;;;;;;;;;;;;;;;;;;;;2.0;;;;;;;;;;;;;;;;;;;;;;;;;;;;;;;;;0.0;
Hogere plant;Arenaria serpyllifolia - Gewone zandmuur;8.0;3.0;;;;;2.0;;;;2.0;;;;;;;;;;;;;;;8.0;;;;;;;;;;;;;;;;;;;;;;;;;;;;;;;2.0;;;;2.0;;;;;;2.0;;;;;;;;;;;2.0;;;;;;;;;;;;;;;;;;;;;;;0.0;
Hogere plant;Bellis perennis - Madeliefje;2.0;2.0;;;;;;1.0;;;;;;;;;;;;;;;;;;;;;;;;;;;;;;;;;;;;;;;;;;;;;;;;;;;;;2.0;8.0;;;;2.0;;;;;;;2.0;;2.0;;;2.0;;;;;;;;;;;;;;;;;;;;;;;0.0;
Hogere plant;Betula pendula - Ruwe berk;1.0;1.0;;;;;;;;;;;;;;;;;;;8.0;;;;;;;;;;;;;8.0;;;;;;;;;;;;;;;;;;;;;;;;;;;;;;;;;;;;;2.0;;;;;;;1.0;;;;;;;;;;;;;;;;;;;;;;8.0;0.0;
Mos;Brachythecium albicans - Bleek dikkopmos;8.0;;;;;;;;;;;;;8.0;2.0;;;;;;;;;;;8.0;8.0;;;;;;;;;;;;2.0;;;;;;;;;;;;;;;;;;;;;;2.0;;;;;;8.0;8.0;;;;;8.0;;;;;;;;;;;;;;;;;;;;;;;;;;;;0.0;
Hogere plant;Crepis capillaris - Klein streepzaad;8.0;2.0;;;2.0;8.0;;8.0;2.0;2.0;;;;;2.0;;;;;;;;;;;;8.0;;;;;;;;;;;;;;;1.0;;;2.0;;;;2.0;;;;;;;;;;;;;;;;;;;2.0;1.0;;;;;;;2.0;;2.0;;;;;;;1.0;;;;;;;;;;;;;;;;0.0;
Hogere plant;Erigeron canadensis - Canadese fijnstraal;8.0;2.0;;1.0;;;;;;;2.0;;;;2.0;;;;;;;;;;;3.0;2.0;;;;;;;;;;;;;;;;;;;;;;;;;;;;;;;;;;;;;;;;;1.0;;;;;;;;;;;;;;;2.0;;1.0;;;;;;;2.0;;;;;;;;;0.0;
Hogere plant;Erodium cicutarium subsp. cicutarium - Gewone reigersbek;2.0;;;;;;;;;;;;;;;;;;;;;;;;;2.0;;;;;;;;;;;;;;;;;;;;;;;;;;;;;;;;;;;;;;;;;;;;;;;;;;;;;;;;;2.0;;2.0;;;;;;;;;;;;;;;;0.0;
Hogere plant;Filago germanica - Duits viltkruid;2.0;;;;;;;;;;;;;;;;;;;;;;;;;;;;;;;;;;;;;;;;;;;;;;;;;;;;;;;;;;;;;;;;;;;;;;;;;;;;;;;;;;;;;;;;;;;;;;;;;;;;0.0;
Hogere plant;Geranium molle - Zachte ooievaarsbek;2.0;2.0;;;;;;;;;;;;;;;;;;;;;;;;2.0;;;;;;;1.0;;;;;;;;;;;;;;;1.0;2.0;;;;;3.0;2.0;;2.0;;;;2.0;2.0;;2.0;;1.0;2.0;2.0;;;;;;;;2.0;;3.0;;;;;;;;;;;;;;;;;;;;;;;0.0;
Hogere plant;Holcus lanatus - Gestreepte witbol;2.0;;8.0;2.0;8.0;8.0;8.0;8.0;8.0;8.0;8.0;8.0;2.0;8.0;2.0;;1.0;;;3.0;;8.0;;3.0;8.0;;2.0;;;;8.0;8.0;;;8.0;8.0;2.0;8.0;2.0;;;8.0;;8.0;8.0;8.0;8.0;;8.0;8.0;3.0;8.0;8.0;8.0;8.0;8.0;8.0;8.0;8.0;8.0;3.0;8.0;8.0;4.0;8.0;8.0;;;2.0;8.0;2.0;3.0;2.0;2.0;8.0;8.0;2.0;2.0;8.0;2.0;;2.0;;8.0;;8.0;;4.0;8.0;3.0;8.0;3.0;2.0;;;;4.0;;;;0.0;
Hogere plant;Hypochaeris radicata - Gewoon biggenkruid;8.0;8.0;;2.0;8.0;;8.0;3.0;2.0;2.0;;;8.0;2.0;2.0;;;;;;;;;;;8.0;3.0;;;;;;;;;;;;;;;2.0;;2.0;;;;;;;2.0;;;;2.0;8.0;2.0;;;;2.0;8.0;8.0;4.0;;2.0;8.0;8.0;2.0;;;2.0;2.0;;3.0;8.0;;8.0;2.0;;;;2.0;;2.0;;;;2.0;;;;;;;;;;;;0.0;
Hogere plant;Jacobaea vulgaris subsp. vulgaris - Gewoon jakobskruiskruid;2.0;2.0;8.0;;8.0;8.0;;3.0;2.0;8.0;;;2.0;2.0;2.0;;;;;;;2.0;;;2.0;;;;;;;3.0;;;8.0;;;;2.0;1.0;;2.0;;;2.0;;;;2.0;2.0;;;;;;;;;;;;;;;;;;;;;;;;;;4.0;;2.0;;;;;;;;;;;2.0;;;;;;;;;;;;0.0;
Hogere plant;Ornithopus perpusillus - Klein vogelpootje;2.0;;;;;;;;;;;;;2.0;;;;;;;;;;;;;2.0;;;;;;;;;;;;;;;;;;;;;;;;;;;;;;;;;;;;;;;;2.0;2.0;;;2.0;;3.0;;;;;;;;;;;;;;;;;;;;;;;;;;;;0.0;
Hogere plant;Plantago coronopus - Hertshoornweegbree;8.0;2.0;;;;;;;;;;;2.0;;;;;;;;;;;;;;3.0;;;;;;;;;;;;;;;;;;;;;;;;;;;;;;;;;;;;;;;;;8.0;;;;;;;;;;3.0;;;;;;;;;;;;;;;;;;;;;;;0.0;
Hogere plant;Poa annua - Straatgras;2.0;2.0;;;;;;;;;2.0;;;;;;;;;;;;;;;;;;;;;;;;;;8.0;;;;;;;;;;;;;;;;;;;;;;;;;;;;;2.0;;;3.0;;;2.0;2.0;;;;;;;;;;8.0;2.0;;;;;;;;;;;;;;;;;0.0;
Hogere plant;Populus species - Populier (G);2.0;;;;;;;;;;;;;;;;;;;;;;;;;;;;;;;;;;;;;;;;;;;;;;;;;;;;;;;;;;;;;;;;;;;;;;;;;;;;;;;;;;;;1.0;;;;;;;;;;;;;;;;0.0;
Mos;Rhytidiadelphus squarrosus - Gewoon haakmos;2.0;8.0;8.0;2.0;2.0;;2.0;;2.0;2.0;;;;;;;1.0;;;8.0;8.0;8.0;;;2.0;2.0;2.0;;;;;;;;;2.0;;;3.0;;;;;;;2.0;;;8.0;8.0;;8.0;;;3.0;4.0;;;;8.0;8.0;;8.0;;4.0;;8.0;3.0;;8.0;8.0;8.0;;;;;8.0;8.0;;;;;;2.0;;;;;;;;;;;;;1.0;1.0;;;0.0;
Hogere plant;Rumex acetosella - Schapenzuring;2.0;2.0;;2.0;;;;;;;2.0;;;;;;;;;;;;;;;2.0;;;;;;;;;;;;;;;;;;;;;;;;;;;;;;;2.0;;;;;;;;;;;1.0;;;;;;;;;;2.0;;;;;;;;;;;;;;;;;;;;;;;0.0;
Hogere plant;Sagina micropetala - Uitstaande vetmuur;2.0;;;;;;;;;;;;;;3.0;;;;;;;;;;;2.0;;;;;;;;;;;;;;;;;;;;;;;;;;;;;;;;;;;;;;;;;;;;;;;;;;;;;;;;;;;;;;;;;;;;;;;;;;;0.0;
Hogere plant;Sedum acre - Muurpeper;2.0;;;;;;;;;;;;;;;;;;;;;;;;;;;;;;;;;;;;;;;;;;;;;;;;;;;;;;;;;;;;;;;;;;;;;;;;;;;;;;;;;;;;;;;;;;;;;;;;;;;;0.0;
Hogere plant;Setaria viridis - Groene naaldaar;8.0;;;;;;;;;;;;;;3.0;;;;;;;;;;;2.0;3.0;;;;;;;;;;;;;;;;;;;;;;;;;;;;;;;;;;;;;;;;;;;;;;;;;;;;;;;;;;;;;;;;;;;;;;;;;;0.0;
Hogere plant;Trifolium arvense - Hazenpootje;2.0;;;2.0;;;2.0;;;;;;;8.0;;;;;;;;;;;;8.0;8.0;;;;;;;;;;;;;;;;;;;;;;;;;;;;;;;;;;;;;;;;2.0;2.0;;;;;3.0;;;;;;;;;;;;2.0;;;;;;;;;;;;;;;;0.0;
Hogere plant;Trifolium dubium - Kleine klaver;8.0;8.0;2.0;;2.0;3.0;2.0;;2.0;2.0;2.0;;4.0;2.0;;;;;;;;2.0;;;2.0;2.0;2.0;;;;;;;;;;;;;;;;;;;;;;3.0;2.0;;;;;;;2.0;;;;2.0;2.0;3.0;8.0;;;2.0;3.0;;;;;2.0;2.0;2.0;2.0;2.0;3.0;;;;;;;;;;;;;;;;;;;;;;;0.0;
Hogere plant;Vulpia bromoides - Eekhoorngras;8.0;2.0;;;;;;;;;2.0;;;;8.0;;;;;;;;;;;;;;;;;;;;;;;;;;;;;;;;;;;;;;;;2.0;;;;;;;2.0;2.0;3.0;;;;8.0;;2.0;;;;;;;;;;;;;;;;;;;;;;;;;;;;;;;0.0;
Hogere plant;Agrostis capillaris - Gewoon struisgras;;8.0;2.0;8.0;;8.0;;8.0;8.0;8.0;8.0;;8.0;8.0;;;;;;;;8.0;;;8.0;2.0;8.0;;;;2.0;;;2.0;;8.0;8.0;;;;;;8.0;;;8.0;8.0;8.0;;8.0;8.0;8.0;;3.0;8.0;8.0;4.0;;;8.0;2.0;8.0;;4.0;2.0;8.0;8.0;8.0;8.0;8.0;8.0;8.0;8.0;;2.0;8.0;;8.0;2.0;;;;;8.0;2.0;;;;8.0;;;4.0;3.0;;;;;;;3.0;0.0;
Mos;Calliergonella cuspidata - Gewoon puntmos;;8.0;8.0;;8.0;8.0;2.0;2.0;8.0;8.0;2.0;;8.0;;;;1.0;;1.0;8.0;;3.0;;8.0;8.0;;;;;1.0;;;;;8.0;2.0;;;8.0;;;;;;;2.0;;;;2.0;8.0;8.0;8.0;;2.0;8.0;;;;8.0;1.0;;8.0;2.0;4.0;2.0;;;;2.0;;3.0;;8.0;8.0;8.0;8.0;2.0;8.0;;;;;;;;;;4.0;;;;2.0;;2.0;;1.0;;;;0.0;
Hogere plant;Cerastium fontanum - Gewone / Glanzige hoornbloem;;2.0;2.0;3.0;2.0;;2.0;2.0;2.0;2.0;3.0;;;;2.0;;;;;;;3.0;;;;;;;;;;;;;2.0;;;;;;;;;2.0;2.0;;2.0;2.0;2.0;;2.0;;;;2.0;2.0;2.0;;;;2.0;3.0;2.0;;2.0;2.0;;;2.0;;;2.0;2.0;;2.0;;;;;;2.0;;;;;;;;;;;;;;;;;;;;0.0;
Hogere plant;Erodium cicutarium - Reigersbek;;2.0;;;;;;;;;;;;;;;;;;;;;;;;;;;;;;;;;;;;;;;;;;;;;;;;;;;;;;;;;;;;;;;;;1.0;;;;;;;;;;;;;;;;;;;;;;;;;;;;;;;;;;0.0;
Hogere plant;Festuca rubra - Rood zwenkgras;;8.0;2.0;;2.0;8.0;2.0;2.0;2.0;2.0;;;2.0;8.0;2.0;;;;;;2.0;2.0;;;8.0;2.0;2.0;1.0;;;;;;2.0;8.0;8.0;;;8.0;;;;;;;;;8.0;2.0;8.0;8.0;8.0;;;8.0;2.0;3.0;2.0;;8.0;2.0;2.0;2.0;;2.0;;2.0;3.0;8.0;3.0;;8.0;8.0;;8.0;2.0;;8.0;8.0;;;;;;;;;;;;;;;2.0;;;;;;2.0;0.0;
Hogere plant;Geranium pusillum - Kleine ooievaarsbek;;2.0;;;;;;;;;;;;;;;;;;;;;;;;;;;;;;;;;;;;;;;;;;;;;;;;;;;;;;;;;;;;;;;;;;;;;;;;;;;;2.0;;;;;;;;;;;;;;;;;;;;;;;0.0;
Hogere plant;Lolium perenne - Engels raaigras;;2.0;;2.0;3.0;2.0;8.0;;;;3.0;;8.0;;2.0;;;;;;;8.0;;2.0;;;2.0;;;;;2.0;;;;;8.0;;;;;8.0;;8.0;8.0;8.0;8.0;8.0;;;;;2.0;2.0;2.0;;2.0;;;;;2.0;;1.0;;4.0;;2.0;8.0;;;8.0;;;4.0;3.0;;2.0;;;;;8.0;8.0;2.0;2.0;;;;;;2.0;1.0;;;;;;;;0.0;
Hogere plant;Myosotis species - Vergeet-mij-nietje (G);;2.0;;;;2.0;2.0;;;;;;;;2.0;;;;;;;;;;;;2.0;;;;;;;;;;;;;;;;;;;;;;;;;;;;;;;;;;;;;2.0;;;2.0;2.0;;;;;;;;;;;;;;;;;;;;;;;;;;;;;;;;;0.0;
Hogere plant;Phleum pratense - Gewoon timoteegras;;2.0;;;;;;;;;;;;2.0;;;;;;;;;;;;;;;;;;;;;;;;;;;;;;2.0;2.0;;;2.0;2.0;;2.0;;4.0;;2.0;;;;2.0;;;;;;;;;;8.0;;;2.0;2.0;;;;;;;;;;;;;2.0;;;;;;;;;;;;;;;0.0;
Hogere plant;Ranunculus sardous - Behaarde boterbloem;;2.0;;;;;;;;;;;;;;;;;;;;;;;;;;1.0;;;;2.0;;;;;;;;;;;;;;;;;2.0;;3.0;;;2.0;;;;2.0;;;;;;;;;;2.0;1.0;;;2.0;;;;;;;;;;;;;;;;;;;;;;;;;;;;;0.0;
Hogere plant;Rumex acetosa - Veldzuring;;2.0;8.0;2.0;;2.0;;2.0;2.0;8.0;;;;;;;;;;;1.0;2.0;;;;;;;;;;;;;;8.0;;;;;;2.0;;;3.0;;;;2.0;8.0;8.0;2.0;;;2.0;8.0;2.0;;;8.0;2.0;8.0;2.0;2.0;8.0;;2.0;;;2.0;2.0;2.0;;;8.0;;2.0;;;2.0;;;;;;1.0;;;;;;;;2.0;1.0;;1.0;1.0;;;0.0;
Hogere plant;Taraxacum species;;8.0;;2.0;;;;2.0;;2.0;2.0;;3.0;2.0;;;1.0;;;;;;;2.0;;;2.0;2.0;;;;2.0;;;;;;;;;;3.0;;8.0;3.0;3.0;8.0;2.0;;;;;;;;;;;;;;;;;;;;;;;;;2.0;;;;;;;;;;;;2.0;;;;;;;;;2.0;;;;;;;0.0;
Hogere plant;Trifolium repens - Witte klaver;;2.0;2.0;2.0;;;8.0;3.0;2.0;;8.0;;8.0;;8.0;;;;;1.0;;;;2.0;;;2.0;;;;;;;;;;8.0;;;;;;;;;3.0;2.0;2.0;;;2.0;;8.0;;2.0;2.0;3.0;;;;2.0;8.0;2.0;3.0;;8.0;;4.0;2.0;;;;;;2.0;2.0;;8.0;;;;;8.0;8.0;;;;;;;;;;;;1.0;;;;;0.0;
Hogere plant;Veronica arvensis - Veldereprijs;;2.0;;2.0;;2.0;;;;;;;;;1.0;;;;;;;;;;2.0;2.0;2.0;;;;;;;;;;;;;;;;;;;;;;;;2.0;;;;2.0;2.0;2.0;;;;2.0;2.0;;2.0;2.0;;3.0;2.0;8.0;;;2.0;;;;2.0;;2.0;;;;;;;;;;;;;;;;;;;;;;;0.0;
Hogere plant;Vulpia myuros - Gewoon langbaardgras;;2.0;;8.0;2.0;2.0;2.0;2.0;;;;;;;;;;;;;;;;;;;2.0;;;;;;;;;;;;;;;;;;;;;;;;;;;;;;;;;;;;;;;;;;;;;;;;2.0;8.0;;2.0;;;;;;;;;;;;;;;;;;;;;;;0.0;
Hogere plant;Artemisia vulgaris - Bijvoet;;;2.0;2.0;2.0;2.0;;;;;;;;;;;;;;;;;;;2.0;;2.0;;;;1.0;;;;2.0;;2.0;;;;;;;;;;;8.0;;;;;;;2.0;2.0;2.0;;;;;;2.0;1.0;2.0;;;;8.0;;;;;;;;;;;;;;;;;;;;;;;;;;;;;;;;0.0;
Hogere plant;Cardamine hirsuta - Kleine veldkers;;;2.0;;;;;;;;;;;;;;;;;;;;;;;;;;;;;;;;;;;;;;;;;;;;;;;;2.0;;;;;;;;;;;;;;;;;;;;;;;;;;;;;;;;;2.0;;;;;;;;2.0;;;;;;;;;0.0;
Hogere plant;Carex leersii - Bleke bermzegge;;;2.0;;;;;;2.0;;;;;;;;;;;;;;;;;;;;;;;;;;;;;;;;;;;;;;;;;;3.0;;;;;;;;;;;;;;2.0;;;;;;;;;;;;;;;;;;;;;;;;;;;;;;;;;;;;0.0;
Hogere plant;Cirsium arvense - Akkerdistel;;;2.0;;;;;;;;1.0;;;;;;;;;;;;2.0;;2.0;;;;;;8.0;;;;2.0;;;8.0;;;;;;;;;;;;;;;;;;;;8.0;;;;;;;1.0;;;;;;;;;;2.0;;;;2.0;2.0;2.0;;;;;;;2.0;;;;;;;;;;;;;0.0;
Hogere plant;Dactylis glomerata subsp. glomerata - Gewone kropaar;;;8.0;;2.0;;;;;2.0;;;2.0;;;;;;;;;2.0;;;2.0;;;1.0;;;8.0;8.0;;;;;;;;;;;;2.0;;2.0;2.0;1.0;8.0;2.0;;1.0;;4.0;;3.0;2.0;8.0;;;4.0;;;2.0;8.0;;2.0;;;2.0;;4.0;;;2.0;;;2.0;;2.0;;;;2.0;;;;;;;;;;2.0;;;;;;2.0;0.0;
Hogere plant;Daucus carota - Peen;;;2.0;2.0;2.0;8.0;;;2.0;;2.0;;2.0;;2.0;;;;;2.0;;2.0;;;3.0;2.0;8.0;2.0;;;;;1.0;;8.0;;;;;;;;;;;;;3.0;;2.0;2.0;;;;2.0;2.0;2.0;;;;;;2.0;8.0;3.0;;3.0;3.0;2.0;2.0;;3.0;2.0;;;;1.0;;2.0;1.0;3.0;2.0;;;1.0;;;;2.0;;;;;;;;;;;;0.0;
Hogere plant;Elymus repens - Kweek;;;2.0;2.0;1.0;;;;;;2.0;;;;1.0;;;;;;;;2.0;;;;;;;;8.0;;;;;;2.0;8.0;8.0;;;;;3.0;8.0;;;;;;8.0;3.0;;2.0;2.0;;8.0;8.0;;;;;2.0;2.0;2.0;;4.0;;;;;;;;;4.0;;;2.0;;;;2.0;;;;;3.0;2.0;;;2.0;2.0;2.0;;;;;;;0.0;
Hogere plant;Equisetum arvense - Heermoes;;;8.0;8.0;8.0;;2.0;;;8.0;8.0;;;8.0;8.0;;2.0;;2.0;;;;;;2.0;;;1.0;;2.0;2.0;2.0;8.0;;3.0;;;;8.0;8.0;;;;;;;;;8.0;;2.0;2.0;;;2.0;2.0;2.0;;;;8.0;;8.0;2.0;2.0;;;;3.0;;;2.0;8.0;2.0;;3.0;3.0;;2.0;;2.0;3.0;;;;;;;8.0;;8.0;;2.0;2.0;2.0;2.0;3.0;2.0;;;0.0;
Hogere plant;Galium mollugo subsp. erectum - Glad walstro;;;2.0;;2.0;2.0;;;;2.0;;;;;;;;;;;;2.0;;;2.0;;2.0;;;;;;;;;;;;2.0;;;;;;;;;;8.0;1.0;;2.0;;;2.0;3.0;2.0;;;;3.0;;;2.0;;;;2.0;;;;2.0;;;4.0;;;;;;;;;;2.0;;;;;;2.0;;;;;;;;;;0.0;
Hogere plant;Juncus bufonius - Greppelrus;;;2.0;;;;;;;;;;2.0;;2.0;;;;;;;;;;;;;;;;;;;;;;8.0;;;;;;;;;;;;;;;;;;;;;;;;;;;;;;;;;;2.0;;;;;;;;;;;;;;2.0;;;;;;2.0;2.0;;;;;;;;;0.0;
Hogere plant;Luzula campestris - Gewone veldbies;;;2.0;;;;;;;;;;;;;;;;;;;;;;;;;;;;;;;;;;;;;;;;;;;;;;;;2.0;;;;3.0;3.0;;;;;;;;;3.0;;;;;4.0;3.0;2.0;2.0;;;;;;;;;;;;;;;;;;;;;;;;;;;;0.0;
Hogere plant;Malus species;;;1.0;;;;;;;;;;;;;;;;;;;;;;;;;;;;;;;;;;;;;;;;;;;;;;;;;;;;;;;;;;;;;;;;;;;;;;;;;;;;;;;;;;;;;;;;;;;;;;;;;;0.0;
Hogere plant;Medicago lupulina - Hopklaver;;;2.0;3.0;2.0;;8.0;8.0;2.0;;2.0;;2.0;;;;;;;;;;;;2.0;2.0;2.0;;;;;;;;;;;;;;;;;;;;;;2.0;;;;;;3.0;;2.0;;;;2.0;;;;;;2.0;;2.0;;;;;;;;;;;;;;;;2.0;;;8.0;;;;2.0;;;;1.0;;;;;0.0;
Hogere plant;Plantago lanceolata - Smalle weegbree;;;8.0;8.0;8.0;2.0;;8.0;8.0;8.0;2.0;;8.0;2.0;8.0;;1.0;;1.0;;;2.0;;2.0;2.0;2.0;;;;;;8.0;;;2.0;2.0;3.0;;;;;2.0;;8.0;;;2.0;8.0;3.0;8.0;8.0;2.0;2.0;2.0;8.0;8.0;8.0;2.0;;;8.0;8.0;3.0;8.0;8.0;2.0;8.0;8.0;8.0;8.0;;3.0;2.0;;8.0;8.0;2.0;1.0;;2.0;;;2.0;;1.0;;;;;;;;;;;;;;;;0.0;
Hogere plant;Potentilla anserina - Zilverschoon;;;8.0;;;;;;;;;;;;;;;;;;;;;;;;;;;;;;;;;;;;3.0;;;;;;;;;;;;;;;;;;;;;;;;;;8.0;;;;;;;;;;;;;;;;;;;;;;;;;;;;;;;;;;;;0.0;
Hogere plant;Ranunculus repens - Kruipende boterbloem;;;2.0;;;;2.0;2.0;2.0;;;3.0;;;3.0;;2.0;1.0;;3.0;;8.0;;8.0;2.0;;;;;;;;;;8.0;;;;;;;;;;;3.0;2.0;;;;;;8.0;;;;2.0;;8.0;2.0;;2.0;;;8.0;;;;;;;2.0;;2.0;8.0;2.0;;2.0;2.0;2.0;;;;8.0;;;;3.0;;;;2.0;;2.0;;1.0;1.0;;;;0.0;
Hogere plant;Tanacetum vulgare - Boerenwormkruid;;;2.0;;;8.0;2.0;;2.0;;;;;;1.0;;;;;;;;;;8.0;;;;;;8.0;;;;8.0;;;;;;;;;8.0;;;;8.0;;;2.0;8.0;;;;2.0;;1.0;;;;;2.0;8.0;1.0;;;;8.0;;;;;;8.0;3.0;;;8.0;;;;;;;;;;2.0;;;;;;;;;;;;0.0;
Hogere plant;Vicia cracca - Vogelwikke;;;2.0;2.0;;;;;2.0;;;;;;;;1.0;;;;;3.0;2.0;;;;;;;8.0;2.0;;2.0;;3.0;;;;;;;;;;;;;;;;8.0;2.0;2.0;;;;;2.0;;;;;;;8.0;;;;2.0;;;8.0;;;;;;;;2.0;2.0;2.0;;;;;;;2.0;;;;;;;;;;;;0.0;
Hogere plant;Vicia hirsuta - Ringelwikke;;;2.0;;;1.0;8.0;;;2.0;;;;;;;1.0;;2.0;;;;;;8.0;;;;;;;;;;;;;;;;;;;;;;;;;2.0;;;;;;3.0;;;;;;2.0;2.0;2.0;3.0;;2.0;;2.0;3.0;;;;2.0;;2.0;;;;;;;;;;;;;;;2.0;;;;;1.0;2.0;;;;0.0;
Hogere plant;Vicia sativa - Smalle / Vergeten / Voederwikke;;;2.0;;2.0;2.0;2.0;;2.0;;;;2.0;2.0;1.0;;;;;;;;;;;2.0;;;;;;;;;;;;;;;;;;;;;;;;;8.0;;;;2.0;2.0;3.0;;;;2.0;2.0;8.0;3.0;;;;;;;;;3.0;;2.0;;;;2.0;;;;;;;;;;;;;;;;;;;;;;0.0;
Hogere plant;Agrostemma githago - Bolderik;;;;2.0;;;;;;;;;;;;;;;;;;;;;;;;;;;;;;;;;;;;;;;;;;;;;;;;;;;;;;;;;;;;;;;;;2.0;;;;;;;;;;;;;;;;;;;;;;;;;;;;;;;;0.0;
Hogere plant;Agrostis gigantea - Hoog struisgras;;;;8.0;;;8.0;8.0;;8.0;8.0;8.0;;;8.0;;;;;;;;;;2.0;8.0;;;;;;;;;;8.0;;2.0;2.0;8.0;;;;;;;;;;;;;;;;;4.0;;;;;;;2.0;;;8.0;;;;;;;;;8.0;;;;;;;;;;2.0;;4.0;;;8.0;;2.0;;;1.0;;;;;0.0;
Hogere plant;Anthyllis vulneraria - Wondklaver;;;;8.0;;;2.0;;;;2.0;;;;;;;;;;;;;;;8.0;;;;;;;;;;;;;;;;;;;;;;;;;;;;;2.0;;2.0;;;;;;;;;;3.0;2.0;;;;;;;;;;;;;;;;;;;;;2.0;;;;;;;;;;;;0.0;
Hogere plant;Betonica officinalis - Betonie;;;;2.0;;;2.0;;;;;;;;;;;;;;;;;;;;;;;;;;;;;;;;;;;;;;;;;;;;;;;;;;;;;;;;;;;;;;;;;;;;;;;;;;;;;;;;;;2.0;;;;;;;;;;;;0.0;
Mos;Bryoerythrophyllum species - Roestvoetje (G);;;;2.0;;;;;;;;;;;;;;;;;;;;;;;;;;;;;;;;;;;;;;;;;;;;;;;;;;;;;;;;;;;;;;;;;;;;;;;;;;;;;;;;;;;;;;;;;;;;;;;;;0.0;
Hogere plant;Centaurea cyanus - Korenbloem;;;;2.0;;;;;;;;;;;;;;;;;;;;;;;2.0;;;;;;;;;;;;;;;;;;;;;;;;;;;;;;;;;;;;;;;;;;2.0;;;;;;;;;;;;;;;;;;;;;;;;;;;;;;;;0.0;
Hogere plant;Dianthus deltoides - Steenanjer;;;;2.0;;;;;;;;;;;;;;;;;;;;;;;2.0;;;;;;;;;;;;;;;;;;;;;2.0;;;;;;;2.0;;;;;;;;;;;;4.0;8.0;2.0;2.0;;;;;;;;;;;;;;;2.0;;;;;;;;;;;;;;;;0.0;
Hogere plant;Echium vulgare - Slangenkruid;;;;2.0;;;;;;;;;;;;;;;;;;;;;;1.0;2.0;;;;;;;;;;;;;;;;;;;;;2.0;;;;;;;;;;;;;;;;;;;;2.0;;;;;;;;;;;;;;;;;1.0;;;;;;;;;;;;;;;;0.0;
Hogere plant;Erigeron annuus - Zomerfijnstraal;;;;1.0;8.0;8.0;;;;;;;;;;;;;;;;;;;;;;;;;;;;;;;;;;;;;;;;;;;;;;;;;2.0;;2.0;;;;;;4.0;2.0;;;;;;;;;;;;;;2.0;;;;;;;;;;;2.0;;;;;;;;;;;;0.0;
Hogere plant;Glebionis segetum - Gele ganzenbloem;;;;2.0;;;;;;;;;;;;;;;;;;;;;;;1.0;;;;;;;;;;;;;;;;;;;;;;;;;;;;;;;;;;;;;;;;;;;;;;;;;;;;;;;;;;;;;;;;;;;;;;;;;;0.0;
Hogere plant;Leontodon saxatilis - Kleine leeuwentand;;;;2.0;;;;;;;3.0;;;;;;;;;2.0;;;;;;2.0;;;;;;;;;;;;;;;;;;;;;;;8.0;;;;;;2.0;;;;;;8.0;;;;;;;2.0;;;;;;;;;2.0;;;;;;;;;;;;;;;;;;;;;;;;0.0;
Hogere plant;Leucanthemum vulgare - Gewone margriet;;;;2.0;8.0;2.0;2.0;;;;2.0;;;;;;;;;;;;;;2.0;;2.0;;;;;;;;;;;;;;;;;;;;;3.0;3.0;2.0;;1.0;;;3.0;;;;;;2.0;;8.0;8.0;;;;8.0;2.0;2.0;;;;;8.0;;;;3.0;;;;2.0;;1.0;;;;2.0;;;;;;;;;;;;0.0;
Hogere plant;Lotus corniculatus var. corniculatus - Gewone rolklaver;;;;8.0;2.0;;2.0;8.0;;8.0;2.0;;2.0;8.0;2.0;;;;;3.0;;2.0;;;;;;;;;2.0;;;;;1.0;;;;;;;;;;;;1.0;3.0;;;;;;;3.0;;;2.0;;;;2.0;;;2.0;;;;;2.0;2.0;;2.0;2.0;1.0;2.0;;;;;;2.0;;2.0;;;;;;;;;;;;;;;;0.0;
Hogere plant;Luzula campestris / multiflora - Gewone / Veelbloemige veldbies;;;;2.0;;;;;2.0;;;;;;;;;;;;;;;;;;;;;;;;;;;;;;;;;;;;;;;;;8.0;;;;;;;;;;;;;;;;;;;;;;;;;;;;;;;;;;;;;;;;;;;;;;;;;;;0.0;
Hogere plant;Oenothera species - Teunisbloem (G);;;;8.0;;;2.0;;;;;;;;2.0;;;;;;;;;;;3.0;2.0;;;;;;;;2.0;;;;;;;;;;;;;2.0;;;;;;;2.0;;;;;;;;;;;;2.0;2.0;;;;;;;2.0;;;;;;;;;;3.0;;;;;;;2.0;;;;;;;;;0.0;
Hogere plant;Origanum vulgare - Wilde marjolein;;;;2.0;;;;;;;3.0;;;;;;;;;;;;;;;;2.0;;;;;;;;;;;;;;;;;;;;;;;;;;;;2.0;;2.0;;;;;;;;;;;;;;;;;;;;;;;;;;;;2.0;;;;;;;;;;;;;;;;0.0;
Hogere plant;Phleum nodosum/pratense - Gewoon timoteegras / Klein timoteegras;;;;2.0;;;;;;;;;;;;;;;;;;2.0;;;2.0;;2.0;;;1.0;;;;;;;;;;;;;;;;;;;;;;;;;;;;;;;;;;;;;;;;;;;;;;;;;;;;;;;;;;;;;;;;;;;;;;;0.0;
Hogere plant;Poa species - Beemdgras (G);;;;2.0;;;;;;;;;;;;;;;;;;;;;;;;;;;;;;;;;;2.0;;;;;;;;;;;;;;;;;;;;;;;;;;;;;;;;;;;;;;;;;;;;;;;;;;;;;;;;;;;;;;;0.0;
Hogere plant;Potentilla reptans - Vijfvingerkruid;;;;2.0;;;;;;;2.0;;;;;;;;;;;;;;;;;2.0;;;;;;;;;;;;;;;;;;;;;;;;;;;3.0;;2.0;;;;;;;;;;;;;;;;;;;;;;;;;;;;;;;;;;;;;2.0;;;;;;;0.0;
Hogere plant;Poterium sanguisorba - Kleine pimpernel / Moespimpernel;;;;2.0;;;;;;;3.0;;;;;;;;;;;;;;;2.0;2.0;;;;;;;;;;;;;;;;;;;;;;;;;;;;8.0;;8.0;;;;;;;;;;;2.0;;;;;;;2.0;;;;;;;;;;;;;;;;;;;;;;;;;;0.0;
Hogere plant;Prunella vulgaris - Gewone brunel;;;;2.0;;;;;;2.0;2.0;;;;;;;;;2.0;;;;;2.0;;;;;1.0;;;;;;;;;;;;;;;;;;;;;;;;;2.0;;;;;;;;;;;;;2.0;;;2.0;;;;;;;;;;;;;;;;;;;;;;;;;;;;;;0.0;
Hogere plant;Silene vulgaris - Blaassilene;;;;2.0;;;;;;;2.0;;;;;;;;;;;;;;;;2.0;;;;;;;;;;;;;;;;;;;;;;2.0;;;;;;;;2.0;;;;3.0;;;;;;;;2.0;;;;;;;;;;;;;;;;3.0;;;;;;;;;;;;;;;;0.0;
Hogere plant;Trisetum flavescens - Goudhaver;;;;1.0;;;;;2.0;;;;;;;;;;;;;;;;;;;;;;;;;;;;;;;;;;;;;;;;;;;;;;;;;;;;;;;;;;;;;2.0;;;;;;;;;;;;;;;;;;;;;;;;;;;;;;;0.0;
Hogere plant;Anthoxanthum odoratum - Gewoon reukgras;;;;;2.0;;;;8.0;8.0;;;;2.0;;;;;;2.0;2.0;8.0;;1.0;;;;;;;;;1.0;;;3.0;;;;;;;;;;;;;;8.0;2.0;;8.0;;;8.0;;;;8.0;;;8.0;;;;;;;8.0;8.0;8.0;8.0;2.0;8.0;;2.0;;;;;;;;;;;;;;;;;;;;;;;;0.0;
Mos;Brachythecium rutabulum - Gewoon dikkopmos;;;;;8.0;8.0;8.0;2.0;;8.0;;;3.0;;;;;;;;;2.0;;;8.0;;;8.0;;;2.0;;;3.0;;2.0;2.0;2.0;8.0;;2.0;;2.0;2.0;;8.0;2.0;3.0;2.0;8.0;8.0;;;;3.0;8.0;1.0;2.0;;8.0;3.0;8.0;2.0;8.0;4.0;2.0;;;2.0;8.0;;2.0;;;8.0;8.0;;;2.0;;;;;3.0;;;;;8.0;;;;2.0;8.0;;;;;;2.0;0.0;
Hogere plant;Cerastium glomeratum - Kluwenhoornbloem;;;;;2.0;;;;;;2.0;;;;;;;;;;;;;;;;;;;;;;;;;;;;;;;1.0;;;;;;;;;3.0;;;;;;2.0;;;;2.0;2.0;2.0;;;;2.0;2.0;4.0;;;2.0;;;;;;;;2.0;;;;2.0;;;;;;;;;;;;;;;;;0.0;
Hogere plant;Glechoma hederacea - Hondsdraf;;;;;8.0;3.0;;;;;;;;;;;;;;;;;;;;;;8.0;;;2.0;2.0;;;8.0;;;;;;;;;;;2.0;;1.0;;;;;;2.0;;;;2.0;;;;;;2.0;2.0;;;;;;;;;;;;;;8.0;;;;;;;;;2.0;;;;;;8.0;;;;;;;0.0;
Hogere plant;Poa trivialis - Ruw beemdgras;;;;;2.0;;2.0;8.0;;;;8.0;;2.0;2.0;;;;1.0;2.0;;2.0;2.0;;2.0;;;2.0;;;;3.0;;;;;;;;;;;;;;;;;;;;3.0;;8.0;2.0;;;;2.0;;;2.0;;;;;;;2.0;;;;;2.0;;;;;2.0;8.0;3.0;4.0;;;;2.0;;;3.0;;8.0;2.0;2.0;3.0;;1.0;1.0;1.0;;;0.0;
Hogere plant;Schedonorus arundinaceus - Rietzwenkgras;;;;;3.0;;;;;8.0;;;;2.0;;;;;;;;;;;;;;;;;;2.0;;;;;;;;;;;;;2.0;;;;;;;;;;;2.0;;;3.0;;;;;;;;;;;;;;;3.0;;;;;;;;;;;;;;1.0;;;;;;;;;;;;;0.0;
Hogere plant;Solidago gigantea - Late guldenroede;;;;;8.0;;;;;;;;;;;;;;;;;;;;2.0;;;8.0;;;;;;;;;;;;;;;;;;;;;;;;2.0;;;;;2.0;;;;;;3.0;;;;;;;;;;;;;;;;;;;;;;;;;;;;;;;8.0;;;;;;;0.0;
Hogere plant;Trifolium pratense - Rode klaver;;;;;2.0;;8.0;;;8.0;;;;2.0;;;;;;2.0;;3.0;;;;;;;;;;;;;;;;;;;;;;;;;;8.0;;;;;2.0;;;2.0;;;;;;2.0;2.0;;;2.0;;;8.0;;;8.0;4.0;;3.0;2.0;2.0;;;;;;;;;;;2.0;;;;;;;;;;;;;0.0;
Hogere plant;Carex hirta - Ruige zegge;;;;;;2.0;;;8.0;;2.0;;;;8.0;;;;;;;;8.0;;8.0;;;;;;;;;;2.0;;;;2.0;;;;;;;;;;;;8.0;;;;;;2.0;;;;;;2.0;2.0;;8.0;;;;;;;;;;8.0;;;8.0;4.0;;;;;;;;;;;;;;2.0;;;;;;;0.0;
Hogere plant;Cichorium intybus - Wilde cichorei;;;;;;2.0;;;;;8.0;;2.0;;;;;;;;;;;;;;;;;;;;;;;;;;;;;;;;;;;;;;;;;;;;2.0;;;;;;;2.0;;;;;;;;;;;2.0;;;;;;;;;;;;;;;;;;;;;;;;;;0.0;
Hogere plant;Erigeron sumatrensis - Hoge fijnstraal;;;;;;2.0;2.0;;;;;;;;2.0;;;;;;;;;;;;;;;;;;;;;;;;;;;;;;;;;;;;;;;;;;;;;;;;;;;;;;;;;;;;;;;;;;;;;;;;;;;;;;;;;;;;;;0.0;
Hogere plant;Hypericum perforatum - Sint-Janskruid;;;;;;2.0;8.0;;1.0;;2.0;;;;;;;;;;;;;;2.0;;2.0;;;;;;;;2.0;;;;;;;;;;;;;;;;;;;;;;2.0;;;;;;2.0;8.0;;;;2.0;;2.0;;;;;;;;;;;;;;;1.0;;;;8.0;;;;;;;;;;;;0.0;
Hogere plant;Agrostis stolonifera - Fioringras;;;;;;;8.0;;2.0;;;8.0;;;2.0;1.0;1.0;;;;;;;8.0;;;;8.0;;;;8.0;2.0;;;;;;;;;8.0;;8.0;8.0;;;;;;;;8.0;;;;;;2.0;;;;;;;;;;;;;;;3.0;;;2.0;;;;2.0;4.0;;;;8.0;2.0;;;8.0;;;;8.0;1.0;1.0;2.0;1.0;;;0.0;
Hogere plant;Anisantha sterilis - IJle dravik;;;;;;;2.0;;;;;;;;;;;;;;1.0;;;;;;;;;;;;;;;;;;;;;;;;;;;;;;;;;8.0;;;;2.0;;;2.0;;;;;;;;;;;;;;;2.0;;;;;;;;;;;;;;;;;;;;;;;;;0.0;
Mos;Barbula convoluta var. convoluta;;;;;;;2.0;;;;;;;;;;;;;;;;;;;;;;;;;;;;;;;;;;;;;;;;;;;;;;;;;;;;;;;;;;;;;;;;;;;;;;;;;;;;;;;;;;;;;;;;;;;;;;0.0;
Mos;Bryum species - Knikmos (G);;;;;;;2.0;;;;2.0;;;;2.0;;;;;;;;;;;;;;;;;;;;;;2.0;2.0;;;2.0;1.0;;;2.0;8.0;;8.0;2.0;1.0;;;;;;;;;;;1.0;;;;;;;;;;;;;;;;;;;;;;;;1.0;;;;;;;;;;;;;;;;0.0;
Hogere plant;Campanula latifolia - Breed klokje;;;;;;;2.0;;;;;;;;;;;;;;;;;;;;;;;;;;;;;;;;;;;;;;;;;;;;;;;;;;;;;;;;;;;;;;;;;;;;;;;;;;;;;;;;;;;;;;;;;;;;;;0.0;
Hogere plant;Campanula rapunculus - Rapunzelklokje;;;;;;;2.0;;;;;;;;;;;;;;;;;;;;;;;;;;;;;;;;;;;;;;;;;;;2.0;;;;;;;;;;;;;;;;;;;;2.0;;;;;;;;;;;;;;;;;;;2.0;;;;;;;;;;;;0.0;
Hogere plant;Centranthus ruber - Rode spoorbloem;;;;;;;2.0;;;;;;;;;;;;;;;;;;;;;;;;;;;;;;;;;;;;;;;;;;;;;;;;;;;;;;;;;;;;;;;;;;;;;;;;;;;;;;;;;;2.0;;;;;;;;;;;;0.0;
Hogere plant;Cirsium vulgare - Speerdistel;;;;;;;2.0;;;;;;;;;;;;;;;;;;;;;;;;;;;;;;;;;;;;;;;;;;;;;;;;;;;;;;;;;;;;;;;;;;;;;;;;;;;;;;;;;;;;;;;;;;;;;;0.0;
Hogere plant;Epilobium species - Basterdwederik (G);;;;;;;2.0;;;;;;;;;;;;;;;;;;;;;;;;;;;;;;;;;;;;;;;2.0;;;;;;;;;;;;;;;;;;;;;;;;;;;;;;;;;2.0;;;1.0;;;1.0;;;;;2.0;;;;;;;;;;;0.0;
Hogere plant;Eupatorium cannabinum - Koninginnekruid;;;;;;;8.0;;;;;;;;;;;;;;;;;;;;;;;;;;;;;;;;;;;;;;;;;;;;;;;;;;;;;;;;;;;;;;;;;;;;;;;;;;;;;;;;;;;;;;;;;;;;;;0.0;
Hogere plant;Knautia arvensis - Beemdkroon;;;;;;;2.0;;;;2.0;;;;;;;;;;;;;;;;;;;;;;;;;;;;;;;;;;;;;;3.0;2.0;;;;;;;8.0;;;;2.0;;;;;;;;;;;;;;8.0;;;;;;;;;;;;;;2.0;;;;;;;;;;;;0.0;
Hogere plant;Lactuca serriola - Kompassla;;;;;;;2.0;;;;;;;;;;;;;;;;;;;;;;;;;;;;;;;;;;;;;;;;;;;;;;;;;;;;;;;;;;;;;;;;;;;;;;;;;;;;;;;;;;;;;;;;;;;;;;0.0;
Hogere plant;Melilotus albus - Witte honingklaver;;;;;;;2.0;;;;;;;;;;;;;;;;;;;;;;;;;;;;;;;;;;;;;;;;;;;;;;;;;;;;;;;;;;;;;;;;;;;;;;;;;;;;;;;;;;;;;;;;;;;;;;0.0;
Hogere plant;Melilotus officinalis - Citroengele honingklaver;;;;;;;8.0;;;;;;;;;;;;;;;;;;;;;;;;;;;;;;;;;;;;;;;;;;;;;;;;;;;;;;;;;;;;;;;;;;;;;;;;;;;;;;;;;;;;;;;;;;;;;;0.0;
Hogere plant;Rubus species - Braam (G);;;;;;;2.0;;;;;;;;;;;;;;;;;;8.0;;;;;;;;;;;;;8.0;;;;;8.0;;;;;;;;;8.0;;;;;;;;;;;;;;;;;;;;;;;;;;;;;;8.0;;;;;;;;2.0;;4.0;8.0;;;;;;;;0.0;
Hogere plant;Rumex obtusifolius - Ridderzuring;;;;;;;1.0;;;;2.0;;;;;;;2.0;2.0;;;;2.0;;;;;2.0;;;2.0;2.0;1.0;;;;;;;;;;;2.0;;;;;;;;;;2.0;;;2.0;2.0;1.0;;;;;;;;;;2.0;;;;;;;;;;;;2.0;;2.0;;;;;8.0;;2.0;;2.0;;2.0;;;1.0;;;;0.0;
Hogere plant;Salix caprea - Boswilg;;;;;;;2.0;;;;;2.0;;;;;;;;;;;;;;;;;;;;;;;;;;;;;;;;;;;;;;;;;;;;;;;8.0;;;;;;;;;;;;;;;;;;;;;;;;;;3.0;;;;;;;;;;;;;;;;0.0;
Hogere plant;Salvia nemorosa - Bossalie;;;;;;;2.0;;;;;;;;;;;;;;;;;;;;;;;;;;;;;;;;;;;;;;;;;;;;;;;;;;;;;;;;;;;;;;;;;;;;;;;;;;;;;;;;;;2.0;;;;;;;;;;;;0.0;
Hogere plant;Stachys species - Andoorn (G);;;;;;;2.0;;;;;;;;;;;;;;;;;;;;;;;;;;;;;;;;;;;;;;;;;;;;;;;;;;;;;;;;;;;;;;;;;;;;;;;;;;;;;;;;;;;;;;;;;;;;;;0.0;
Hogere plant;Stellaria graminea - Grasmuur;;;;;;;2.0;;;;;;;;;;;;;;;;;;;;;;;;;;;;;;;;;;;;;;;;;;;;;;;;;;;;;;;;;;;;;;;;;;;;;;;;;;;;;;;;;;;;;;;;;;;;;;0.0;
Hogere plant;Verbena bonariensis - Stijf ijzerhard;;;;;;;2.0;;;;;;;;;;;;;;;;;;;;;;;;;;;;;;;;;;;;;;;;;;;;;;;;;;;;;;;;;;;;;;;;;;;;;;;;;;;;;;;;;;;;;;;;;;;;;;0.0;
Hogere plant;Veronica serpyllifolia - Tijmereprijs;;;;;;;2.0;;;;;;;;;;;;;;;;;;;;;;;;;;;;;;2.0;;;;;;;;;;2.0;;;;;;;;;;;;;1.0;;;;;;;;;;;;;;;;;;;;;;;;3.0;;;;;;;;;;;;;;;;;0.0;
Hogere plant;Centaurea jacea - Knoopkruid;;;;;;;;2.0;;2.0;;;;;;;;;;2.0;;8.0;;;3.0;;2.0;;;;;;;;;;;;;;;;;;;;;3.0;2.0;8.0;;4.0;1.0;;8.0;2.0;;;;;2.0;;;;;;;;8.0;8.0;;8.0;;;4.0;;;;;;;;;;;;;;;;;;;;;;;;;;0.0;
Hogere plant;Vicia villosa - Bonte wikke;;;;;;;;8.0;;;;;;;;;;;;;;;;;;;;;;;;;;;;;;;;;;;;;;;;;;;;;;;;;;;;;;8.0;2.0;4.0;;;;;;;;;;;;;;;;;;;;;;;;;;;;;;;;;;;;;0.0;
Hogere plant;Achillea ptarmica - Wilde bertram;;;;;;;;;3.0;2.0;;2.0;;;;;;;;;;;;;;;;;;;;;;;;;;;;;;;;;;;;;;;3.0;;;;;;;;2.0;;;;;;;;;;;;;;;;;;;;;;;;;;2.0;;;;;;;;;;;;;;;;0.0;
Hogere plant;Equisetum palustre - Lidrus;;;;;;;;;1.0;;;;;;;;;2.0;;8.0;;;;2.0;;;;;;2.0;;;;;;;;;;;;;;;;;;;;;;;2.0;;;;;;;;;;;;;;;;;;;;;;;;3.0;;;;;;;;;;;;;;;;;;;;;4.0;;;0.0;
Hogere plant;Lathyrus pratensis - Veldlathyrus;;;;;;;;;8.0;;;;;;;;;;;;;;3.0;;;;;;;8.0;;;2.0;;;;;;2.0;;;;;;;;;;;;8.0;;;;;;;;;;;;;;;;;;;;;;;;;;;;;;3.0;2.0;;;;;;;;;;;;;;;;;;;0.0;
Hogere plant;Lotus pedunculatus - Moerasrolklaver;;;;;;;;;3.0;;;1.0;;;;1.0;1.0;;;;;;3.0;;;;;;;;;;;;8.0;;;;;;;;;;;;;;;;;;;;;;;;3.0;;;;;;;;;;;;;;;3.0;8.0;;;;8.0;;;2.0;;;;;;;2.0;;;;;;1.0;;;;;;0.0;
Hogere plant;Poa pratensis subsp. pratensis - Veldbeemdgras;;;;;;;;;8.0;2.0;;;8.0;;;;;;;;;;;2.0;;;2.0;;;;;;;;3.0;;;;2.0;;;8.0;;8.0;8.0;8.0;;2.0;2.0;;;;;;8.0;;2.0;;;;;3.0;;;;;2.0;2.0;8.0;;2.0;2.0;2.0;;3.0;3.0;;8.0;;;;;;8.0;;8.0;;;;;;;;;;;;;;;0.0;
Hogere plant;Ranunculus acris - Scherpe boterbloem;;;;;;;;;3.0;2.0;;;;2.0;;;;;;1.0;;8.0;;2.0;;;;;;;;;;;;;;;;;;2.0;;;;;;;;3.0;3.0;;2.0;;;8.0;;2.0;3.0;;;;;;;;;;;2.0;;8.0;1.0;8.0;;;4.0;;;;;;;;;;;;;;;;;;;;;;;;0.0;
Hogere plant;Rhinanthus angustifolius - Grote ratelaar;;;;;;;;;2.0;;;;;;;;;;;;;2.0;;;;;;;;;;;;;;;;;;;;;;;;;;;;;;;;;;;;;;;;;;;;;;;;;;3.0;;;;;;;;;;;;;;;;;;;;;;;;;;;;;0.0;
Hogere plant;Rubus caesius - Dauwbraam;;;;;;;;;8.0;;;;;;;;;;;;;;2.0;;;;;;;2.0;;;;;;;;;;;;;;;;;;;;;8.0;;;;;;;;;;;;;;;;;;;;;;;;;;;;;2.0;;;;;;;;;;;;;;;;;;;;;0.0;
Hogere plant;Arrhenatherum elatius - Glanshaver;;;;;;;;;;2.0;;;;;;;;;;;;;;;;;;;;;2.0;8.0;;;;;;8.0;8.0;;;;;;;;;;;;2.0;;;8.0;;;;8.0;;;;;;;;;;;;2.0;;;;;;;;;;2.0;;;;;;;;;;;;;;;;;;;;;0.0;
Hogere plant;Briza media - Bevertjes;;;;;;;;;;2.0;;;;;;;;;;3.0;;;;;;;;;;;;;;;;;;;;;;;;;;;;;;;;;;;;3.0;;;;;2.0;;;;;;;;;2.0;;;;;;;8.0;;;;;;;;;;;;;;;;;;;;;;;;0.0;
Hogere plant;Malva moschata - Muskuskaasjeskruid;;;;;;;;;;2.0;;;;;;;;;;;;;;;;;;;;;;;;;;;;;2.0;;;;;;;;;;;2.0;;2.0;;;;;;;;;;;;;;;;;;2.0;;;;;;;;;;;;;;;;;;;;;;;;;;;;;;;0.0;
Hogere plant;Rhinanthus minor - Kleine ratelaar;;;;;;;;;;2.0;;;;;;;;;;;;;;;;;;;;;;;;;;;;;;;;;;;;;;;;;8.0;;;;;8.0;;;;;;;;;;;;;;;;;;2.0;;;8.0;;;8.0;;;;;;;;;;;;;;;;;;;;;0.0;
Hogere plant;Rhinanthus species - Ratelaar (G);;;;;;;;;;8.0;2.0;;;;;;;;;3.0;;;;;;;;;;;;;;;;;;;;;;;;;;;;;;;;;;;;;2.0;;;;;;;;;;;;;;;;;;;;;;;;;;;;;;;;;;;;;;;;;;;;0.0;
Hogere plant;Centaurea scabiosa - Grote centaurie;;;;;;;;;;;2.0;;;;;;;;;;;;;;;;;;;;;;;;;;;;;;;;;;;;;;;;;;;;2.0;;2.0;;;;;;;;;;;;;;;;;;;;;;;;;;;;;;;;;;;;;;;;;;;;0.0;
Hogere plant;Galium verum - Geel walstro;;;;;;;;;;;2.0;;;;;;;;;;;;;;;;;;;;;;;;;;;;8.0;;;;;;;;;;;;;;;;;;;;;;;;;;;;;;;;;;;;;;;;;;;;;;;;;;;;;;;;;;;;;;0.0;
Hogere plant;Jacobaea vulgaris - Jakobskruiskruid / Duinkruiskruid;;;;;;;;;;;2.0;;;;;;;;;;;;;;;;2.0;;;;;;;;;;;;;;;;;;;;;;;;;2.0;;2.0;;8.0;2.0;;;;2.0;3.0;8.0;8.0;8.0;2.0;;2.0;2.0;4.0;;2.0;2.0;;2.0;;;;2.0;;;;;;;;;;;;;;;;;;;;;;0.0;
Hogere plant;Salvia pratensis - Veldsalie;;;;;;;;;;;2.0;;;;;;;;;;;;;;;;;;;;;;;;;;;;;;;;;;;;;;;;;;;;3.0;;2.0;;;;;;;;;;2.0;2.0;2.0;;;;;;3.0;;;;;;;;;;2.0;;;;;;;;;;;;;;;;0.0;
Hogere plant;Scorzoneroides autumnalis - Vertakte leeuwentand;;;;;;;;;;;2.0;;3.0;;;;;;;;;;;;;;;;;;;;;;;;8.0;;;;;;;;;;2.0;;;;;;;;;;;;;;;;;;;3.0;;;;;;;;;;;;;;;;;8.0;2.0;2.0;;;2.0;;;;;;;;;;;;;0.0;
Hogere plant;Tragopogon pratensis - Gele morgenster s.l.;;;;;;;;;;;2.0;;;;;;;;;;;;;;;;;;;;;;;;;;;;;;;;;;;;;;;2.0;;;;;;;;;;;2.0;;;;;;;;;2.0;;;;;;;;;;;;;;;;;;;;;;;;;;;;;;;0.0;
Hogere plant;Angelica sylvestris - Gewone engelwortel;;;;;;;;;;;;2.0;;;;;;;;;;;;;;;;;;;;;;;;;;;;;;;;;;;;;;;;;;;;;;;2.0;;;;;;;;;;;;;;;;;;;;;;;;;;;;;;;;;;;;;;;;;;0.0;
Hogere plant;Filipendula ulmaria - Moerasspirea;;;;;;;;;;;;8.0;;;;;;;;2.0;;;;;;;;;;;;;;;;;;;;;;;;;;;;;;;;;;;;;;;8.0;;;;;;;;;;;;;;;;;;2.0;;;;;;;;;;;;;;;;;;1.0;;;;;;0.0;
Hogere plant;Iris pseudacorus - Gele lis;;;;;;;;;;;;2.0;;;;;;8.0;;1.0;;;;;;;;;;8.0;;;;;;;;;;;;;;;;;;;;;;;;;;;;;2.0;;;;;;;;;;;;;;;2.0;;;1.0;;;;;8.0;;;;;;;;;;;;;;;;8.0;;;0.0;
Hogere plant;Juncus articulatus - Zomprus;;;;;;;;;;;;8.0;;;;;;;;8.0;8.0;;;8.0;;;;;;8.0;;;;;;8.0;;;;;;;;;;;;;;;;;8.0;;;;;;8.0;8.0;;;;;;;;;;;8.0;2.0;;;;;;;;;;;;;;;;;;;;;;;;;;;;;0.0;
Hogere plant;Lysimachia vulgaris - Grote wederik;;;;;;;;;;;;2.0;;;;;;;2.0;;;;;;;;;;;;8.0;;;;;;;;;;;;;;;;;;;;;;;;;;;2.0;1.0;;;;;;;;;;;;;;;2.0;;;2.0;;;;;;;;;;;;;;;;;;;;2.0;;;;0.0;
Hogere plant;Lythrum salicaria - Grote kattenstaart;;;;;;;;;;;;2.0;;;;;;;;2.0;;;;;;;;;;;;;;;;;;;;;;;;;;;;;;;;;;;;;;;;;;;;;;;;;;;;;;2.0;;;2.0;;;;;;;;;;;;;;;;;;;;;;;;0.0;
Hogere plant;Mentha aquatica - Watermunt;;;;;;;;;;;;2.0;;;;8.0;;3.0;;2.0;;;8.0;;;;;;;2.0;;;3.0;;;;;;;;;;;;;;;;;;;;;;;;;;;;;;;;;;;;;;;;;;;;2.0;;;3.0;8.0;2.0;;;;;;;;;;;;;8.0;;;8.0;;;0.0;
Hogere plant;Nasturtium species - Witte kers (G);;;;;;;;;;;;2.0;;;;;;;;;;;;;;;;;;1.0;;;;;;;;;;;;;;;;;;;;;;;;;;;;;;;;;;;;;;;;;;;;;;;;;;;;;;;;;;;;;;;;;;;;;;;0.0;
Hogere plant;Salix viminalis - Katwilg;;;;;;;;;;;;2.0;;;;;;;;;;;;;;;;;;;;;;;;;;;;;;;;;;;;;;;;;;;;;;;2.0;;;;;;;;;;;;;;;;;;;;;;;;;;;;;;;;;;;;;;;;;;0.0;
Hogere plant;Scutellaria galericulata - Blauw glidkruid;;;;;;;;;;;;3.0;;;;;;;;;;;;;;;;;;;;;;;;;;;;;;;;;;;;;;;;;;;;;;;2.0;;;;;;;;;;;;;;;;;;;;;;;;;;;;;;;;;;;;;;;;;;0.0;
Hogere plant;Urtica dioica - Grote brandnetel;;;;;;;;;;;;1.0;;;;;1.0;;;;;;2.0;;;;;8.0;;1.0;8.0;1.0;1.0;;;;;;;;8.0;;;;;;;;;;;;;2.0;;;;8.0;2.0;;;;;;;;;;;;;;;;;;;;;2.0;2.0;1.0;;;;;;2.0;;;;2.0;;8.0;;;1.0;2.0;;;0.0;
Hogere plant;Plantago major - Grote / Getande weegbree;;;;;;;;;;;;;1.0;;8.0;;;;;;;;;;;;2.0;;;;;;;;;;8.0;;;;;;;1.0;;1.0;8.0;;;;;;;;;;;;;;;;;;;2.0;;;;;;2.0;;;;3.0;;;;;;;8.0;4.0;;;;1.0;;;;;;;;;;;;;0.0;
Hogere plant;Amelanchier lamarckii - Amerikaans krentenboompje;;;;;;;;;;;;;;1.0;;;;;;;;;;;8.0;;;;;;;;;2.0;;;;;;;;;;;;;;;;;;8.0;;;;;;;;;;;;;;;;;;;;;;;;;;;;;;;;;;;;;;;;;;;;;;;;2.0;0.0;
Hogere plant;Convolvulus sepium - Haagwinde;;;;;;;;;;;;;;2.0;;;2.0;2.0;2.0;2.0;;;2.0;;;;;;;8.0;;;;;;1.0;;8.0;8.0;8.0;3.0;2.0;;;;2.0;;;;2.0;;;;;;;;;;;;;;;;;;;;3.0;;;2.0;;;;3.0;;;2.0;;2.0;;;;1.0;;;;8.0;4.0;;;;1.0;2.0;2.0;1.0;;;0.0;
Hogere plant;Epipactis helleborine subsp. helleborine - Brede wespenorchis;;;;;;;;;;;;;;1.0;;;;;;;;;;;;;;;;;;;;;;;;;;;;;;;;;;;;;;;;;;;;;;;;;;;;;;;;;;;;;;;;;;;;;;;;;;;;;;;;;;;;;;;0.0;
Hogere plant;Hedera helix - Klimop;;;;;;;;;;;;;;2.0;;;;;;;;;;;;;;;;;;;;8.0;;;;;;;2.0;;8.0;;;;;;;;;;;;;;;;;;;;;;;;;;;;;;2.0;;;;;;;;;;;;;;;;;;;;8.0;2.0;;;;;;8.0;0.0;
Hogere plant;Hieracium sect. Sabauda - Boshavikskruid;;;;;;;;;;;;;;8.0;;;;;;;;;;;;;;;;;;;;;;;;;;;;;;;;;;;;;;;;;;;;;;;;;;;;;;;;;;;8.0;;;;;;;;;;;;;;;;;;;;;;;;;;;;0.0;
Hogere plant;Holcus mollis - Gladde witbol;;;;;;;;;;;;;;2.0;;;1.0;;2.0;;;;2.0;;;;;;;3.0;;;;;;;;;;;;;;;;;;;;;;;;;;;;;;;;;;;;;;;;;;;2.0;;;;;;;;;8.0;2.0;;;;;;;;;;;2.0;;1.0;4.0;2.0;;;0.0;
Hogere plant;Ilex aquifolium - Hulst;;;;;;;;;;;;;;2.0;;;;;;;;;;;;;;1.0;;;;;;8.0;;;;;;;;;;;;;;;;;;;;;;;;;;;;;;;;;;;;;;;2.0;;;;;;;;;;;;;;;;;;;;;1.0;;;;;;8.0;0.0;
Hogere plant;Lysimachia nummularia - Penningkruid;;;;;;;;;;;;;;8.0;;;;;;;;;;;;;;;;;;;;;;;;;;;;;;;;8.0;;;;;;;;;;;;;;;;;;;;;;;;;;;2.0;;;;;;;;;;;;;;;;;;;;;;;;;;;;0.0;
Mos;Pseudoscleropodium purum - Groot laddermos;;;;;;;;;;;;;;3.0;;;;;;;8.0;;;;2.0;2.0;2.0;;;;;;;;;;;;2.0;;;;;;;;;;;2.0;;3.0;;;;;;;;;;;;;;;;2.0;;;3.0;;8.0;;;;2.0;;;;;;;;;;;;;;;;;;;;;;;;0.0;
Hogere plant;Quercus robur - Zomereik;;;;;;;;;;;;;;8.0;;;;1.0;1.0;;2.0;;;;1.0;;;2.0;8.0;;;;;8.0;;2.0;;;;;;;3.0;;;;;;;2.0;;;;;;;;;;;;;;;1.0;;;;;3.0;2.0;;8.0;;;;;;;;;;;;;;;;;;;;8.0;;;;1.0;;8.0;8.0;0.0;
Hogere plant;Apera spica-venti - Grote windhalm;;;;;;;;;;;;;;;1.0;;;;;;;;;;;;;;;;;;;;;;;;;;;;;;;;;;;;;;;;;;;;;;;;;;;;;;;;;;;;;;;;;;;;;;;;;;;;;;;;;;;;;;0.0;
Mos;Barbula species - Smaragdsteeltje p.p. (G);;;;;;;;;;;;;;;8.0;;;;;;;;;;;;;;;;;;;;;;;;;;;;;;;;;;;;;;;;;;;;;;;;;;;;;;;;;;;;;;;;;;;;;;;;;;;;;;;;;;;;;;0.0;
Hogere plant;Crataegus monogyna - Eenstijlige meidoorn;;;;;;;;;;;;;;;1.0;;;;;;;;;;;;;;;;;;;;;;;;;;;;;;;;;;;8.0;;1.0;;;;;;;;;;;;;;;;;;8.0;;;;;;;;;;;;;;;;;;;;;;;;;;;;;;;0.0;
Hogere plant;Juncus effusus - Pitrus;;;;;;;;;;;;;;;1.0;8.0;2.0;;;;1.0;;;;2.0;;;1.0;;;;;8.0;2.0;;;2.0;;;;;;;;;;2.0;;;;;;;;;;;;;;;;;;;;;;;;2.0;;;;;;;;;;8.0;;;;2.0;;;;;8.0;;;;3.0;3.0;1.0;;2.0;;3.0;0.0;
Hogere plant;Pseudognaphalium luteoalbum - Bleekgele droogbloem;;;;;;;;;;;;;;;1.0;;;;;;;;;;;;;;;;;;;;;;;;;;;;;;;;;;;;;;;;;;;;;;;;;;;;;;;;;;;;;;;;;;;;;;;;;;;;;;;;;;;;;;0.0;
Hogere plant;Sagina procumbens - Liggende vetmuur;;;;;;;;;;;;;;;1.0;;;;;;;;;;;;;;;;;;;;;;;;;;;;;;;;;;;;;;;;;;;;;;;;;;;;;;;;;;;;;;;;;;;;;;;;;;;;;;;;;;;;;;0.0;
Hogere plant;Trifolium hybridum subsp. hybridum - Basterdklaver;;;;;;;;;;;;;;;1.0;;;;;;;;;2.0;1.0;;;;;;;;;;;;;;;;;;;;;;;;;;;;;;;;;;;;;;;;;;;;;;;;;3.0;;2.0;;;;;;;;;;;;;;;;;;;;;;;;;0.0;
Hogere plant;Berula erecta - Kleine watereppe;;;;;;;;;;;;;;;;2.0;2.0;2.0;2.0;;;;;;;;;;;;;;;;;;;;;;;;;;;;;;;;;;;;;;;;1.0;;;;;;;;;;;;;;;;;;;;;;;;;;;;;;;;;;;;3.0;8.0;1.0;2.0;;;0.0;
Hogere plant;Callitriche obtusangula - Stomphoekig sterrenkroos;;;;;;;;;;;;;;;;8.0;8.0;8.0;8.0;;;;;;;;;;;;;;;;;;;;;;;;;;;;;;;;;;;;;;;;;;;;;;;;;;;;;;;;;;;;;;;;;;;;;;;;;;;;8.0;8.0;8.0;2.0;;;0.0;
Hogere plant;Hydrocharis morsus-ranae - Kikkerbeet;;;;;;;;;;;;;;;;3.0;;;;;;;;;;;;;;;;;;;;;;;;;;;;;;;;;;;;;;;;;;;;;;;;;;;;;;;;;;;;;;;;;;;;;;;;;;;;;;;;;;;;;0.0;
Hogere plant;Lemna minor - Klein kroos;;;;;;;;;;;;;;;;8.0;;;;;;;8.0;;;;;;;2.0;;;;;;;;;;;;;;;;;;;;;;;;;;;;;;;;;;;;;;;;;;;;;;;;;;2.0;;;;;;;;;;8.0;;;;;2.0;;;2.0;;;0.0;
Hogere plant;Myosotis scorpioides subsp. scorpioides - Moerasvergeet-mij-nietje;;;;;;;;;;;;;;;;8.0;1.0;;;;;;;;;;;;;;;;;;;;;;;;;;;;;;;;;;;;;;;;;;;;;;;;;;;;;;;;;;;;;;;;2.0;;;;;;;;;;;;;;3.0;;;;;;0.0;
Hogere plant;Nasturtium microphyllum - Slanke waterkers;;;;;;;;;;;;;;;;2.0;;;;;;;;;;;;;;;;;;;;;;;;;;;;;;;;;;;;;;;;;;;;;;;;;;;;;;;;;;;;;;;;;;;;;;;;;;;;;;;;;;;;;0.0;
Hogere plant;Sparganium erectum - Grote egelskop;;;;;;;;;;;;;;;;8.0;8.0;8.0;;;;;8.0;;;;;;;8.0;;;2.0;;;;;;;3.0;;;;;;;;;;;;;;;;;;;;;;;;;;;;;;;;;;;;;;;;8.0;8.0;8.0;;;;;;;;;8.0;;;;8.0;3.0;;;;;0.0;
Hogere plant;Veronica catenata - Rode waterereprijs;;;;;;;;;;;;;;;;2.0;;;;;;;;;;;;;;;;;;;;;;;;;;;;;;;;;;;;;;;;;;;;;;;;;;;;;;;;;;;;;;;;;;;;;;;;;;;;;;;;;;;;;0.0;
Hogere plant;Alisma plantago-aquatica - Grote waterweegbree;;;;;;;;;;;;;;;;;8.0;;;;;;;;;;;;;8.0;;;2.0;;;;;;;;;;;;;;;;;;;;;;;;;;;;;;;;;;;;;;;;;;;;;;;;;;;;;;1.0;;;;;;;;2.0;3.0;;;;;0.0;
Hogere plant;Dactylorhiza praetermissa - Rietorchis;;;;;;;;;;;;;;;;;1.0;;;;;;;;;;;;;;;;;;;;;;;;;;;;;;;;;;;;;;;;;;;;;;;;;;;;;;;;;;;;2.0;;;2.0;;;;;;;;;;;;;;;;;;;;;0.0;
Hogere plant;Oenanthe aquatica - Watertorkruid;;;;;;;;;;;;;;;;;2.0;;;;;;;;;;;;;;;;;;;;;;;;;;;;;;;;;;;;;;;;;;;;;;;;;;;;;;;;;;;;;;;;;;;;;;;;;;;;;;;;;;;;0.0;
Hogere plant;Phragmites australis - Riet;;;;;;;;;;;;;;;;;8.0;;;;;1.0;;2.0;;;;;;;;;;;;;;;;;;;;;;;;;;;;;;;;;;;;;;;;;;;;;;;;2.0;2.0;3.0;;;;;;2.0;2.0;;;;;;;;;;;;;;;8.0;;;;;0.0;
Hogere plant;Alnus glutinosa - Zwarte els;;;;;;;;;;;;;;;;;;1.0;1.0;2.0;8.0;;;;;;;;8.0;;;;;;;;;;;;;;;;;;;;;;;;;;;;;;;;;;;;;;;;;;3.0;;;;;;3.0;;;;;;;;;;;;;;;;;;;;;;8.0;;0.0;
Hogere plant;Epilobium parviflorum - Viltige basterdwederik;;;;;;;;;;;;;;;;;;2.0;;;;;;;;;;;;;;;;;2.0;;;;;;;;;;;;;;;;;;;;;;;;;;;;;;;;;;;;;;;3.0;;;;;2.0;;;;;;;;;;;;;;;;;;1.0;1.0;;;0.0;
Hogere plant;Glyceria maxima - Liesgras;;;;;;;;;;;;;;;;;;8.0;8.0;;;;8.0;;;;;;;;;;8.0;;;;;;;;;;;;;;;;;;;;;;;;;;;;;;;;;;;;;;;;;;;;;;;3.0;8.0;;;;;;;;;;;;;;3.0;;8.0;8.0;;;0.0;
Hogere plant;Typha latifolia - Grote lisdodde;;;;;;;;;;;;;;;;;;;8.0;;;;;;;;;;;;;;;;;;;;;8.0;;;;;;;;;;;;;;;;;;;;;;;;;;;;;;;;;;;;;;;;;;;;;;;2.0;;;;8.0;;;;;;3.0;2.0;;;0.0;
Hogere plant;Cardamine species - Veldkers (G);;;;;;;;;;;;;;;;;;;;2.0;;;;;;;;;;;;;;;;;;;;;;;;;;;;2.0;;;;;;;;;;;;;;;;;;;;;;;;;;;;;;;;;;;;;;;;;;;;;;;;;;;;;0.0;
Hogere plant;Carex flacca - Zeegroene zegge;;;;;;;;;;;;;;;;;;;;8.0;;;;;;;;;;;;;;;;;;;;;;;;;;;;;;;;;;;;;;;;;;;;;;;;;;;;;;2.0;;;8.0;;;;;;;;;;;;;;;;;;;;;;;;0.0;
Hogere plant;Cynosurus cristatus - Kamgras;;;;;;;;;;;;;;;;;;;;1.0;;8.0;;;;;;;;;;;;;;;;;;;;;;;;;;;;;;;;;;;;;;;;;;;;;;;;;;4.0;;;;;;;;;;;;;;;;;;;;;;;;;;;;;0.0;
Hogere plant;Epipactis palustris - Moeraswespenorchis;;;;;;;;;;;;;;;;;;;;8.0;;;;;;;;;;;;;;;;;;;;;;;;;;;;;;;;;;;;;;;;;;;;;;;;;;;;;;;;;8.0;;;;;;;;;;;;;;;;;;;;;;;;0.0;
Hogere plant;Parentucellia viscosa - Kleverige ogentroost;;;;;;;;;;;;;;;;;;;;2.0;;2.0;;;;;;;;;;;;;;;;;;;;;;;;;;;;;;;;;;;;;;;;;;;;;;;;;;2.0;;;;;1.0;;;;;;;;;;;;;;;;;;;;;;;;0.0;
Hogere plant;Salix cinerea - Grauwe wilg s.l.;;;;;;;;;;;;;;;;;;;;2.0;2.0;;;;;;;;;;;;;;;;;;;;;;;;;;;;;;;;;;;;;;;;;;;;;;;;;;2.0;;;3.0;;;3.0;;;;;;;;;;;;;;;;;;;;;;;;0.0;
Hogere plant;Silene flos-cuculi - Echte koekoeksbloem;;;;;;;;;;;;;;;;;;;;8.0;;;;;;;;;;;;;;;;;;;;;;;;;;;;;;;1.0;;;;;;;;2.0;;;;;;;;;;;;;;;3.0;2.0;;4.0;;;;;;;;2.0;;;;;;;;;;;;;;;;0.0;
Hogere plant;Succisa pratensis - Blauwe knoop;;;;;;;;;;;;;;;;;;;;2.0;8.0;;;;;;;;;;;;;;;;;;;;;;;;;;;;;;;;;;;;;;;;;;;;;;;;;;8.0;;;;;;2.0;;;;;;;;;;;;;;;;;;;;;;;;0.0;
Hogere plant;Betula pubescens - Zachte berk;;;;;;;;;;;;;;;;;;;;;8.0;;;;;;;;8.0;;;;;;;;;;;;;;;;;;;;;;;;;;;;;;;;;;;;;;;;;;2.0;;;;;;;;;;;;;;;;;;;;;;;;;;;;8.0;;0.0;
Hogere plant;Calluna vulgaris - Struikhei;;;;;;;;;;;;;;;;;;;;;8.0;;;;;;;;;;;;;;;;;;;;;;;;;;;;;;;;;;;;;;;;;;;;;;;;;;2.0;;;;;;;;;;;;;;;;;;;;;;;;;;;;;;0.0;
Hogere plant;Dactylorhiza maculata - Gevlekte orchis;;;;;;;;;;;;;;;;;;;;;2.0;;;;;;;;;;;;;;;;;;;;;;;;;;;;;;;;;;;;;;;;;;;;;;;;;;2.0;;;;;;;;;;;;;;;;;;;;;;;;;;;;;;0.0;
Hogere plant;Danthonia decumbens - Tandjesgras;;;;;;;;;;;;;;;;;;;;;2.0;;;;;;;;;;;;;;;;;;;;;;;;;;;;;;;;;;;;;;;;;;;;;;;;;;;;;;;;;;;;;;;;;;;;;;;;;;;;;;;;0.0;
Hogere plant;Helictochloa pratensis - Beemdhaver;;;;;;;;;;;;;;;;;;;;;2.0;;;;;;;;;;;;;;;;;;;;;;;;;;;;;;;;;;;;;;;;;;;;;;;;;;;;;;;;;;;;;;;;;;;;;;;;;;;;;;;;0.0;
Hogere plant;Quercus rubra - Amerikaanse eik;;;;;;;;;;;;;;;;;;;;;2.0;;;;;;;2.0;;;;;;;;;;;;;;;2.0;;;;;;;;;;;;;;;;;;;;;;;;;;;;;;;;;;;;;;;;;;;;;;;;;;;2.0;;;;;;;0.0;
Hogere plant;Salix aurita - Geoorde wilg;;;;;;;;;;;;;;;;;;;;;1.0;;;;;;;;;;;;;;;;;;;;;;;;;;;;;;;;;;;;;;;;;;;;;;;;;;2.0;;;;;;;;;;;;;;;;;;;;;;;;;;;;;;0.0;
Hogere plant;Juncus acutiflorus - Veldrus;;;;;;;;;;;;;;;;;;;;;;8.0;;;;;;;;;;;;;;;;;;;;;;;;;;;;;;;;;;;;;;;;;;;;;;;;;;;;8.0;;;8.0;;;;;8.0;;;;;;;;;;;;;3.0;;;;;;0.0;
Hogere plant;Juncus tenuis - Tengere rus;;;;;;;;;;;;;;;;;;;;;;1.0;;;;;;;;;;;;;;;2.0;;;;;;;;;;;;;;;;;;;;;;;;;;;;;;;;;;;;;;;;;;;;;;;;;;;;;;;;;;;;;;;;0.0;
Hogere plant;Bidens frondosa - Zwart tandzaad;;;;;;;;;;;;;;;;;;;;;;;2.0;;;;;;;;;;1.0;;;;;;;;;;;;;;;;;;;;;;;;;;;;;;;;;;;;;;;;;;;;;;;3.0;2.0;2.0;;;;;;;;;;;;;;;;;;;0.0;
Hogere plant;Galium palustre - Moeraswalstro;;;;;;;;;;;;;;;;;;;;;;;3.0;;;;;;;;;;;;;;;;;;;;;;;;;;;;;;;;;;;;;;;;;;;;;;;;;;;;;;;;;2.0;;;;;;;;;;;;;;;;;;;;;0.0;
Hogere plant;Rumex crispus - Krulzuring;;;;;;;;;;;;;;;;;;;;;;;;1.0;;;;;;;;;;;;;;;;;;;;;;;;;;;;;2.0;;;;;;;2.0;;;;;;;;;;;;;;;;;;;;3.0;2.0;;;;;1.0;;;;;;;;;;;;;;;0.0;
Hogere plant;Acer pseudoplatanus - Gewone esdoorn;;;;;;;;;;;;;;;;;;;;;;;;;1.0;;;;;;;;;;;;;;;;;;;;;;;;;;;;;;;;2.0;;;;;;;;;;;;;;;;;;;;;;;;;;;;;;;;;;;;;;;;;;;;0.0;
Hogere plant;Linaria vulgaris - Vlasbekje;;;;;;;;;;;;;;;;;;;;;;;;;8.0;;;;;;;;;;;;;;;;;;;;;;;;;;;2.0;;;;;;;;;;;;;;;;;;;;;;;;;;;;;;;;;2.0;;;;;;;;;;;;;;;;0.0;
Hogere plant;Malva alcea - Vijfdelig kaasjeskruid;;;;;;;;;;;;;;;;;;;;;;;;;2.0;;;;;;;;;;;;;;;;;;;;;;;;;;;;;;;;;;;;;;;;;;;;;;;;;;;;;;;;;;;;;;;;;;;;;;;;;;;;0.0;
Hogere plant;Prunus padus - Vogelkers;;;;;;;;;;;;;;;;;;;;;;;;;8.0;;;;;;;;;;;;;;;;8.0;;;;;;;;;1.0;;8.0;;;;;;;;;;;;;;;;;;8.0;;;;;;;;;;;;;;;;;;;;;;;;;;;;;;;0.0;
Hogere plant;Cerastium arvense - Akkerhoornbloem;;;;;;;;;;;;;;;;;;;;;;;;;;3.0;3.0;;;;;;;;;;;;;;;;;;;;;3.0;;2.0;;;;;;;;;;;;;;;;;;;;;;;;;;;;;;;;;;;;;;;;;;;;;;;;;;;0.0;
Hogere plant;Verbascum nigrum - Zwarte toorts;;;;;;;;;;;;;;;;;;;;;;;;;;;2.0;;;;;;;;;;;;;;;;;;;;;1.0;;;;;;;;;;;;;;;;;;;;;;;;;;;;;;;;;;;;;;;;;;;;;;;;;;;;;0.0;
Hogere plant;Viola arvensis - Akkerviooltje;;;;;;;;;;;;;;;;;;;;;;;;;;;2.0;;;;;;;;;;;;;;;;;;;;;;;;;;;;;;;;;;;;;;;;;;;;;;;;;;;;;;;;;;;;;;;;;;;;;;;;;;0.0;
Hogere plant;Carex pilulifera - Pilzegge;;;;;;;;;;;;;;;;;;;;;;;;;;;;1.0;;;;;;2.0;;;;;;;;;;;;;;;;;;;;;;;;;;;;;;;;;;;;;;;;;;;;;;;;;;;;;;;;;;;;2.0;;;;;;3.0;0.0;
Hogere plant;Heracleum sphondylium subsp. sphondylium - Gewone berenklauw;;;;;;;;;;;;;;;;;;;;;;;;;;;;8.0;;;;8.0;;;;;;;;;;;;;;;;;;;2.0;;;8.0;;;;;;;;;;;2.0;;;;;;;;;;;;;;;;;;;;;;;;;;;;;2.0;;;;;;;0.0;
Hogere plant;Populus nigra - Zwarte populier;;;;;;;;;;;;;;;;;;;;;;;;;;;;8.0;;;;;;;;;;;;;;;;;;;;;;;;;;;;;;;;;;;;;;;;;;;;;;;;;;;;;;;;;;;;;;;;;;8.0;;;;;;;0.0;
Hogere plant;Potentilla indica - Schijnaardbei;;;;;;;;;;;;;;;;;;;;;;;;;;;;8.0;;;;;;;;;;;;;2.0;;;;;;;;;;;;;;;;;;;;;;;;;;;;;;;;;;;;;;;;;;;;;;;;;;;;;8.0;;;;;;;0.0;
Hogere plant;Prunus serotina - Amerikaanse vogelkers;;;;;;;;;;;;;;;;;;;;;;;;;;;;1.0;1.0;;;;;8.0;;;;;;;;;;;;;;;;2.0;;;;;;;;;;;;;;;;;;;;8.0;;;;;;;;;;;;;;;;;;;;;;;3.0;;;;;;1.0;8.0;0.0;
Hogere plant;Rosa species - Roos (G);;;;;;;;;;;;;;;;;;;;;;;;;;;;1.0;;;;;;;;;;;;;;;;;;;;;;;;;;;;;;;;;;;;;;;;;;;;;;;;;;;;;;;;;;;;;2.0;;;;;2.0;;;;;;;0.0;
Hogere plant;Rubus armeniacus - Dijkviltbraam;;;;;;;;;;;;;;;;;;;;;;;;;;;;8.0;;;8.0;;;8.0;;1.0;;;;;8.0;;;;;;;;;;;;;;;;;8.0;;;;;;2.0;;;;;;;;;;;;;;;;;;;;;;;;;2.0;;;;;8.0;;;;;;2.0;0.0;
Hogere plant;Rubus divaricatus - Bokkoepelbraam;;;;;;;;;;;;;;;;;;;;;;;;;;;;2.0;8.0;;;;;;;;;;;;;;;;;;;;;;;;;;;;;;;;;;;;;;;;;;;;;;;;;;;;;;;;;;;;;;;;;;;;;;8.0;;0.0;
Hogere plant;Salix alba - Schietwilg;;;;;;;;;;;;;;;;;;;;;;;;;;;;8.0;;;;8.0;;;;;2.0;;;;;;;;;;;;;;;;;8.0;;;;;;;;;;;;;;;;;;;;3.0;;2.0;;;;;;;;;3.0;;;;;;;;;8.0;;;;;;;0.0;
Hogere plant;Scrophularia nodosa - Knopig helmkruid;;;;;;;;;;;;;;;;;;;;;;;;;;;;1.0;;;;;;;;;;;;;;;;;;;;;;;;;;;;;;;;;;;;;;;;;;;;;;;;;;;;;;;;;;;;;;;;;;;;;;;;;0.0;
Hogere plant;Stachys sylvatica - Bosandoorn;;;;;;;;;;;;;;;;;;;;;;;;;;;;8.0;;;;;;;;;;;;;;;;;;;;;;;;;;;;;;;;;;;;;;;;;;;;;;;;;;;;;;;;;;;;;;;;;;3.0;;;;;;;0.0;
Hogere plant;Corylus avellana - Hazelaar;;;;;;;;;;;;;;;;;;;;;;;;;;;;;2.0;;;;;;;;;;;;;;;;;;;;;;;;;;;;;;;;;;;;;;;;;;;;;;;;;;;;;;;;;;;;;;;;;;;;;;2.0;;0.0;
Hogere plant;Dryopteris dilatata - Brede stekelvaren;;;;;;;;;;;;;;;;;;;;;;;;;;;;;8.0;;;;;;;;;;;;;;;;;;;;;;;;;;;;;;;;;;;;;;;;;;;;;;;;;;;;;;;;;;;;;;;;;;;;;;8.0;;0.0;
Mos;Hypnum cupressiforme - Gesnaveld klauwtjesmos;;;;;;;;;;;;;;;;;;;;;;;;;;;;;8.0;;;2.0;;3.0;;;;;;;;;;;;;;;;;;;;2.0;;;;1.0;;;;;;;;;;;;;;;2.0;;;;;;;;;;;;;;;;;2.0;;1.0;;4.0;;;;;8.0;8.0;0.0;
Mos;Mnium hornum - Gewoon sterrenmos;;;;;;;;;;;;;;;;;;;;;;;;;;;;;2.0;;;;;;;;;;;;;;;;;;;;;;;;;;;;;;;;;;;;;;;;;;;;;;;;;;;;;;;;;;;;;;;;;;;;;;3.0;;0.0;
Hogere plant;Sambucus nigra - Gewone vlier;;;;;;;;;;;;;;;;;;;;;;;;;;;;;8.0;;;;;2.0;;;;;;;;;;;;;;;;;;;;;;;;;;;;;;;;;;;;;;;;;;;;;;;;;;;;;;;;;;;;;;;;;4.0;2.0;0.0;
Hogere plant;Sorbus aucuparia - Wilde lijsterbes;;;;;;;;;;;;;;;;;;;;;;;;;;;;;8.0;;;;;8.0;;;;;;;;;;;;;;;;;;;;;;;;;;;;;;;;;;;;;;;;;;;;;;;;;;;;;;;;;;;2.0;;;;;;8.0;8.0;0.0;
Hogere plant;Carex acuta - Scherpe zegge;;;;;;;;;;;;;;;;;;;;;;;;;;;;;;2.0;;;;;;;;;;;;;;;;;;;;;;;;;;;;;;;;;;;;;;;;;;;;;;;;;;;;2.0;;;;;;;;;;;;;;;;;;;0.0;
Hogere plant;Eleocharis palustris - Gewone waterbies;;;;;;;;;;;;;;;;;;;;;;;;;;;;;;8.0;;;;;;;;;;;;;;;;;;;;;;;;;;;;;;;;;;;;;;;;;;;;;;;;;;;;8.0;;;;;;;;;;;;;;;;;;;0.0;
Hogere plant;Elodea nuttallii - Smalle waterpest;;;;;;;;;;;;;;;;;;;;;;;;;;;;;;2.0;;;;;;;;;;;;;;;;;;;;;;;;;;;;;;;;;;;;;;;;;;;;;;;;;;;;;;;;;;;;;;;;;;;;;;;0.0;
Hogere plant;Lemna trisulca - Puntkroos;;;;;;;;;;;;;;;;;;;;;;;;;;;;;;2.0;;;2.0;;;;;;;;;;;;;;;;;;;;;;;;;;;;;;;;;;;;;;;;;;;;;;;;;2.0;;;;;;;;;;;;;;;;;;;0.0;
Hogere plant;Myosotis laxa subsp. caespitosa - Zompvergeet-mij-nietje;;;;;;;;;;;;;;;;;;;;;;;;;;;;;;2.0;;;;;;;;;;;;;;;;;;;;;;;;;;;;;;;;;;;;;;;;;;;;2.0;;;;;;3.0;;2.0;;;;;;;;;;;;;;1.0;;;;;0.0;
Hogere plant;Pastinaca sativa - Gewone pastinaak / Brandpastinaak;;;;;;;;;;;;;;;;;;;;;;;;;;;;;;1.0;;;;;;;;;;;;;;;;;;;;;;;;;;;;;;;;;;;;;;;;;;;;;;;;;;;;;;;;;;;;;;;;;;;;;;;0.0;
Hogere plant;Potamogeton species - Fonteinkruid (G);;;;;;;;;;;;;;;;;;;;;;;;;;;;;;2.0;;;;;;;;;;;;;;;;;;;;;;;;;;;;;;;;;;;;;;;;;;;;;;;;;;;;;;;;;;;;;;;;;;;;;;;0.0;
Hogere plant;Aegopodium podagraria - Zevenblad;;;;;;;;;;;;;;;;;;;;;;;;;;;;;;;2.0;3.0;;;;;;;;;1.0;;;;;;;;;;;;;8.0;;;;8.0;;;;;;;;;;;;;;;;;;;;;;;;;;;;;;;;;;;;;;;;;;;0.0;
Hogere plant;Brassica nigra - Zwarte mosterd;;;;;;;;;;;;;;;;;;;;;;;;;;;;;;;1.0;;;;;;;;;;;;;;;;;;;;;;;;;;;;;;;;;;;;;;2.0;;;;;;;;;;;;;;;;;;;;;;;8.0;;;;;;;;;0.0;
Hogere plant;Geranium pratense - Beemdooievaarsbek;;;;;;;;;;;;;;;;;;;;;;;;;;;;;;;8.0;3.0;;;;;;;;;;;;;;;;;;;;;;2.0;;;2.0;2.0;;;;;;;;;;;;;;;;;;;;;;;;;;;;;;;;;;;;;;;;;;;0.0;
Hogere plant;Anthriscus sylvestris - Fluitenkruid;;;;;;;;;;;;;;;;;;;;;;;;;;;;;;;;8.0;;;;;;;;;;;;;;;;;;;;2.0;;8.0;;;;2.0;;;;;;;;;;;;;;;;;;;;;;;;;;;;;;;;;;;;;;;;;;;0.0;
Hogere plant;Galium aparine - Kleefkruid;;;;;;;;;;;;;;;;;;;;;;;;;;;;;;;;2.0;;;;;;2.0;;;;;;;;;;;;;;;;2.0;;;;;;;;;;;;;;;;;;;;;;;;;;;2.0;;;;;;;;;;;;;3.0;;1.0;;;;;0.0;
Mos;Orthotrichum affine - Gewone haarmuts;;;;;;;;;;;;;;;;;;;;;;;;;;;;;;;;2.0;;;;;;;;;;;;;;;;;;;;;;;;;;;;;;;;;;;;;;;;;;;;;;;;;;;;;;;;;;;;;;;;;;;;;0.0;
Hogere plant;Ceratophyllum demersum - Grof hoornblad;;;;;;;;;;;;;;;;;;;;;;;;;;;;;;;;;8.0;;;;;;;;;;;;;;;;;;;;;;;;;;;;;;;;;;;;;;;;;;;;;;;;8.0;;;;;;;;;;;;;;;;;;;;0.0;
Hogere plant;Lycopus europaeus - Wolfspoot;;;;;;;;;;;;;;;;;;;;;;;;;;;;;;;;;2.0;;;;;;;;;;;;;;;;;;;;;;;;;;;;;;;;;;;;;;;;;;;;;;;;2.0;;;;;;;;;;;;;;2.0;;;;;;0.0;
Hogere plant;Myosotis scorpioides - Moeras- / Weidevergeet-mij-nietje;;;;;;;;;;;;;;;;;;;;;;;;;;;;;;;;;8.0;;;;;;;;;;;;;;;;;;;;;;;;;;;;;;;;;;;;;;;;;;;;;;;;;;;;;;;;;;;;;;;;;;;;0.0;
Hogere plant;Phalaris arundinacea - Rietgras;;;;;;;;;;;;;;;;;;;;;;;;;;;;;;;;;2.0;;2.0;;;;;;;;;;;;;;;;;;;;;;;;;;;;;;;;;;;;;;;;;;;;2.0;;;2.0;;;;;;;;;;;;;;;;;;;0.0;
Hogere plant;Calamagrostis epigejos - Duinriet;;;;;;;;;;;;;;;;;;;;;;;;;;;;;;;;;;2.0;;;;;;;;;;;;;;;;;;;;;;;;;;;;;;;;;;;;;;;;;;;;;;;;;;;;;;;;2.0;;2.0;;;;;;;;3.0;0.0;
Hogere plant;Frangula alnus - Sporkehout;;;;;;;;;;;;;;;;;;;;;;;;;;;;;;;;;;2.0;;;;;;;;;;;;;;;;;;;;;;;;;;;;;;;;;;;;;;;;;;;;;;;;;;;;;;;;;;;;;;;;;;2.0;0.0;
Mos;Kindbergia praelonga - Fijn laddermos;;;;;;;;;;;;;;;;;;;;;;;;;;;;;;;;;;2.0;;;;;;;2.0;;2.0;;;8.0;;;;;;;;;4.0;2.0;;;;2.0;2.0;;2.0;;;;;;;2.0;;;3.0;;;;;;;;;;;;;;;;;2.0;;;3.0;;;;;;;2.0;0.0;
Hogere plant;Lonicera periclymenum - Wilde kamperfoelie;;;;;;;;;;;;;;;;;;;;;;;;;;;;;;;;;;8.0;;;;;;;;;;;;;;;;;;;;;;;;;;;;;;;;;;;;1.0;;;;;;;;;;;;;;;;;;;;;;;;;;;;;;4.0;0.0;
Hogere plant;Rhododendron species;;;;;;;;;;;;;;;;;;;;;;;;;;;;;;;;;;8.0;;;;;;;;;;;;;;;;;;;;;;;;;;;;;;;;;;;;;;;;;;;;;;;;;;;;;;;;;;;;;;;;;;;0.0;
Hogere plant;Rubus adspersus - Spikkelhaagbraam;;;;;;;;;;;;;;;;;;;;;;;;;;;;;;;;;;8.0;;;;;;;;;;;;;;;;;;;;;;;;;;;;;;;;;;;;;;;;;;;;;;;;;;;;;;;;;;;;;;;;;;8.0;0.0;
Hogere plant;Stellaria holostea - Grote muur;;;;;;;;;;;;;;;;;;;;;;;;;;;;;;;;;;2.0;;;;;;;;;;;;;;;;;;;;;;;;;;;;;;;;;;;;;;;;;;;;;;;;;;;;;;;;;;;;;;;;;;;0.0;
Hogere plant;Aronia x prunifolia - Zwarte appelbes;;;;;;;;;;;;;;;;;;;;;;;;;;;;;;;;;;;8.0;;;;;;;;;;;;;;;;;;;;;;;;;;;;;;;;;;;;;;;;;;;;8.0;;;;;;;;;;;;;;;;;;;;;;0.0;
Hogere plant;Geranium dissectum - Slipbladige ooievaarsbek;;;;;;;;;;;;;;;;;;;;;;;;;;;;;;;;;;;2.0;;;;;;;;;;;;;;;;;;;;;;;;;;;;;;;;;;;;;;;;;;;;3.0;;;;;;;;;;;;;;;;;;;;;;0.0;
Hogere plant;Ribes rubrum - Aalbes;;;;;;;;;;;;;;;;;;;;;;;;;;;;;;;;;;;2.0;;;;;;;;;;;;;;;;;;;;;;;;;;;;;;;;;;;;;;;;;;;;2.0;;;;;;;;;;;;;;;;;;;;;;0.0;
Hogere plant;Juncus conglomeratus - Biezenknoppen;;;;;;;;;;;;;;;;;;;;;;;;;;;;;;;;;;;;2.0;;;;;;;;;;;;;;;;;;;;;;;;;;;;;;;;;;;;;;3.0;;;;;;;;;;;;;;;;;;;;;;;;;;;0.0;
Hogere plant;Ranunculus species - Boterbloem (G);;;;;;;;;;;;;;;;;;;;;;;;;;;;;;;;;;;;1.0;;;;;;;;;;;;;;;;;;;;;;;;;;;;;;;;;;;;;;;;;;;;;;;;;;;;;;;;;;;;;;;;;0.0;
Hogere plant;Capsella bursa-pastoris - Herderstasje;;;;;;;;;;;;;;;;;;;;;;;;;;;;;;;;;;;;;2.0;;;;;;;;;;;;;;;;;;;;;;;;;;;;;;;;2.0;;;;;;;;;;;;;;2.0;2.0;;;;2.0;;;;;;;;;;;;;0.0;
Hogere plant;Chenopodium album - Melganzenvoet;;;;;;;;;;;;;;;;;;;;;;;;;;;;;;;;;;;;;2.0;;;;;1.0;;;1.0;;;;;;;;;;;;;;;;;;;;;;;;;;;;;;;;;;;;;;8.0;;;;;8.0;;;;8.0;;;;;;;;;0.0;
Hogere plant;Digitaria ischaemum - Glad vingergras;;;;;;;;;;;;;;;;;;;;;;;;;;;;;;;;;;;;;2.0;;;;;;;;;;;;;;;;;;;;;;;;;;;;;;;;;;;;;;;;;;;;;;;;;;;;;;;;;;;;;;;;0.0;
Hogere plant;Echinochloa crus-galli - Europese hanenpoot;;;;;;;;;;;;;;;;;;;;;;;;;;;;;;;;;;;;;2.0;;;;;;;;;;;;;;;;;;;;;;;;;;;;;;;;;;;;;;;;;;;;;;8.0;;;;;;;;;;;;;;;;;;0.0;
Hogere plant;Eragrostis species - Liefdegras (G);;;;;;;;;;;;;;;;;;;;;;;;;;;;;;;;;;;;;2.0;;;;;;;;;;;;;;;;;;;;;;;;;;;;;;;;;;;;;;;;;;;;;;;;;;;;;;;;;;;;;;;;0.0;
Hogere plant;Galinsoga quadriradiata - Harig knopkruid;;;;;;;;;;;;;;;;;;;;;;;;;;;;;;;;;;;;;3.0;;;;;;;;;;;;;;;;;;;;;;;;;;;;;;;;;;;;;;;;;;;;;;3.0;;;;;;;;;2.0;;;;;;;;;0.0;
Hogere plant;Lepidium didymum - Kleine varkenskers;;;;;;;;;;;;;;;;;;;;;;;;;;;;;;;;;;;;;2.0;;;;;;;;;2.0;;;;;;;;;;;;;;;;;;;;;;;2.0;;;;;;;;;;;;;;3.0;;;;;8.0;;;;4.0;;;;;;;;;0.0;
Hogere plant;Matricaria chamomilla - Echte kamille;;;;;;;;;;;;;;;;;;;;;;;;;;;;;;;;;;;;;2.0;;;;;;;;;;;;;;;;;;;;;;;;;;;;;;;;;;;;;;;;;;;;;;8.0;;;;;;;;;;;;;;;;;;0.0;
Hogere plant;Matricaria discoidea - Schijfkamille;;;;;;;;;;;;;;;;;;;;;;;;;;;;;;;;;;;;;8.0;;;;;;;;;;;;;;;;;;;;;;;;;;;;;;;;;;;;;;;;;;;;;;;;;;;;;;;2.0;;;;;;;;;0.0;
Hogere plant;Polygonum aviculare - Gewoon varkensgras;;;;;;;;;;;;;;;;;;;;;;;;;;;;;;;;;;;;;8.0;;;;;;;;;;;;;;;;;;;;;;;;;;;;;;;;;;;;;;;;;;;;;;8.0;;;;;;;;;;;;;;;;;;0.0;
Hogere plant;Rorippa palustris - Moeraskers;;;;;;;;;;;;;;;;;;;;;;;;;;;;;;;;;;;;;8.0;;;;;;;;;;;;;;;;;;;;;;;;;;;;;;;;;;;;;;;;;;;;;2.0;3.0;;2.0;;;4.0;;;;2.0;;;;;;;;;0.0;
Hogere plant;Spergularia rubra - Rode schijnspurrie;;;;;;;;;;;;;;;;;;;;;;;;;;;;;;;;;;;;;2.0;;;;;;;;;;;;;;;;;;;;;;;;;;;;;;;;;;;;;;;;;;;;;;;;;;;;;;;;;;;;;;;;0.0;
Hogere plant;Epilobium hirsutum - Harig wilgenroosje;;;;;;;;;;;;;;;;;;;;;;;;;;;;;;;;;;;;;;;;3.0;;;;;;;;;;;;;;;;;;;;;;;;;;;;;;;;;;;;;;;;;;;;;;;;;;;2.0;;;;;;;;;;0.0;
Hogere plant;Spartina species - Slijkgras (G);;;;;;;;;;;;;;;;;;;;;;;;;;;;;;;;;;;;;;;;8.0;;;;;;;;;;;;;;;;;;;;;;;;;;;;;;;;;;;;;;;;;;;;;;;;;;;8.0;;;;;;;;;;0.0;
Hogere plant;Acer platanoides - Noorse esdoorn;;;;;;;;;;;;;;;;;;;;;;;;;;;;;;;;;;;;;;;;;8.0;;;;;;;;;;;;;;;;;;;;;;;;;;;;;;;;;;;;;;;;;;;;;;;;;;;2.0;;;;;;;;;0.0;
Mos;Dicranoweisia cirrata - Gewoon sikkelsterretje;;;;;;;;;;;;;;;;;;;;;;;;;;;;;;;;;;;;;;;;;1.0;;;;;;;;;;;;;;;;;;;;;;;;;;;;;;;;;;;;;;;;;;;;;;;;;;;;;;;;;;;;0.0;
Hogere plant;Fraxinus excelsior - Es;;;;;;;;;;;;;;;;;;;;;;;;;;;;;;;;;;;;;;;;;8.0;;2.0;;;;;;;;;1.0;;;;;;;;;;;;;;;;;;;;;;;;;;;1.0;1.0;;;;;;;;;;;;2.0;1.0;2.0;;;;;;;0.0;
Hogere plant;Lamium purpureum - Paarse dovenetel;;;;;;;;;;;;;;;;;;;;;;;;;;;;;;;;;;;;;;;;;;1.0;;;1.0;1.0;;;;;;;;1.0;;;;;;;;;;;;;;;1.0;;;;;;;;;;;;;;;;;;;2.0;;;;2.0;;;;;;;;;0.0;
Hogere plant;Lolium multiflorum - Italiaans raaigras;;;;;;;;;;;;;;;;;;;;;;;;;;;;;;;;;;;;;;;;;;8.0;;;;;;;;;;;;;;;;;;;;;;;;;;;;;;;;;;;;;;;;;;;;8.0;;;;;;;;;;;;;;;0.0;
Hogere plant;Stellaria media - Vogelmuur;;;;;;;;;;;;;;;;;;;;;;;;;;;;;;;;;;;;;;;;;;1.0;;;2.0;;;;;;;;;2.0;;;2.0;;;;;;;;;;;;2.0;;;;;;;;;;;;;;;2.0;;;;2.0;;;;2.0;;;;;;;;;0.0;
Hogere plant;Acer campestre - Spaanse aak;;;;;;;;;;;;;;;;;;;;;;;;;;;;;;;;;;;;;;;;;;;2.0;;;;;;;;;;;;;;;;;;;;;;;;;;;;;;;;;;;;2.0;;;;;;;;;;;;;;2.0;2.0;;;;;;;0.0;
Hogere plant;Carpinus betulus - Haagbeuk;;;;;;;;;;;;;;;;;;;;;;;;;;;;;;;;;;;;;;;;;;;8.0;;;;;;;;;;;;;;;;;;;;;;;;;;;;;;;;;;;;;;;;;;;;;;;;;;8.0;;;;;;;;0.0;
Hogere plant;Cornus sanguinea - Rode kornoelje;;;;;;;;;;;;;;;;;;;;;;;;;;;;;;;;;;;;;;;;;;;2.0;;;;;;;;;1.0;;;;;;;;;;;;;;;;;;;;;;;;;;;;;;;;;;;;;;;;;2.0;;;;;;;;0.0;
Hogere plant;Cotoneaster species - Dwergmispel (G);;;;;;;;;;;;;;;;;;;;;;;;;;;;;;;;;;;;;;;;;;;8.0;;;;;;;;;;;;;;;;;;;;;;;;;;;;;;;;;;;;;;;;;;;;;;;;;;3.0;;;;;;;;0.0;
Hogere plant;Fallopia japonica - Japanse duizendknoop;;;;;;;;;;;;;;;;;;;;;;;;;;;;;;;;;;;;;;;;;;;8.0;;;;;;;;;;;;;;;;;;;;;;;;;;;;;;;;;;;;;;;;;;;;;;;;;;8.0;;;;;;;;0.0;
Hogere plant;Rosa subsect. Caninae - Hondsroos s.l.;;;;;;;;;;;;;;;;;;;;;;;;;;;;;;;;;;;;;;;;;;;3.0;;;;;;;;;;;;;;;;;;;;;;;;;;;;;;;;;;;;;;;;;;;;;;;;;;;;;;;;;;0.0;
Hogere plant;Taxus baccata - Taxus;;;;;;;;;;;;;;;;;;;;;;;;;;;;;;;;;;;;;;;;;;;2.0;;;;;;;;;;;;;;;;;;;;;;;;;;;;;;;;;;;;;;;;;;;;;;;;;;2.0;;;;;;;;0.0;
Hogere plant;Ulmus glabra - Ruwe iep;;;;;;;;;;;;;;;;;;;;;;;;;;;;;;;;;;;;;;;;;;;8.0;;;;;;;;;;;;;;;;;;;;;;;;;;;;;;;;;;;;;;;;;;;;;;;;;;8.0;;;;;;;;0.0;
Hogere plant;Viola riviniana - Bleeksporig bosviooltje;;;;;;;;;;;;;;;;;;;;;;;;;;;;;;;;;;;;;;;;;;;2.0;;;;;;;;;;;;;;;;;;;;;;;;;;;;;;;;;;;;;;;;;;;;;;;;;;2.0;;;;;;;;0.0;
Hogere plant;Persicaria amphibia - Veenwortel;;;;;;;;;;;;;;;;;;;;;;;;;;;;;;;;;;;;;;;;;;;;;8.0;;;;;;;;;;;;;;;;;;;;;;;;;;;;;;;;;;;;;2.0;;;;;;;;;;;;2.0;;2.0;;;;;0.0;
Hogere plant;Arabidopsis thaliana - Zandraket;;;;;;;;;;;;;;;;;;;;;;;;;;;;;;;;;;;;;;;;;;;;;;1.0;;;;2.0;;;;;;2.0;;;;;1.0;;;;;;;;4.0;;;;;;;;;;;;;;;;;;;;;;;;;;;;;;;;0.0;
Hogere plant;Melissa officinalis - Citroenmelisse;;;;;;;;;;;;;;;;;;;;;;;;;;;;;;;;;;;;;;;;;;;;;;1.0;;;;;;;;;;;;;;;;;;;;;;;;;;;;;;;;;;;;;;;;;;;;;;;;;;;;;;;0.0;
Hogere plant;Oxalis stricta - Stijve klaverzuring;;;;;;;;;;;;;;;;;;;;;;;;;;;;;;;;;;;;;;;;;;;;;;2.0;;;;;;;;;;;;;;;;;;;;;;;;;;;;;;;;;;;;;;;;;;;;;;;;;;;;;;;0.0;
Mos;Riccia species - Landvorkje (G);;;;;;;;;;;;;;;;;;;;;;;;;;;;;;;;;;;;;;;;;;;;;;1.0;;;;;;;;;;;;;;;;;;;;;;;;;;;;;;;;;;;;;;;;;;;;;;;;;;;;;;;0.0;
Hogere plant;Veronica species - Ereprijs (G);;;;;;;;;;;;;;;;;;;;;;;;;;;;;;;;;;;;;;;;;;;;;;1.0;;;;;;;;;;;;;;;;;;;;;;;;;;;;;;;;;;;;;;;;;;;2.0;;;;;;;;;;;;0.0;
Hogere plant;Poterium sanguisorba subsp. sanguisorba - Kleine pimpernel;;;;;;;;;;;;;;;;;;;;;;;;;;;;;;;;;;;;;;;;;;;;;;;;3.0;;;;;;;;;;;;;;;;;;;2.0;;2.0;;;;;;;;;;;;;;;;2.0;;;;;;;;;;;;;;;;0.0;
Hogere plant;Arrhenatherum elatius subsp. elatius - Gewone glanshaver;;;;;;;;;;;;;;;;;;;;;;;;;;;;;;;;;;;;;;;;;;;;;;;;;2.0;;;;;;;;;;;;;;;;;;;;;;;;;;;;;;;;2.0;;;;;;;;;;2.0;;;;;;;;;;0.0;
Mos;Ceratodon purpureus - Gewoon purpersteeltje;;;;;;;;;;;;;;;;;;;;;;;;;;;;;;;;;;;;;;;;;;;;;;;;;2.0;;;;;;;;;;;;;;;;;;;;;;;;;;;;;;;;;;;2.0;;;;;2.0;;;;;;;;;;;;0.0;
Hogere plant;Fragaria vesca - Bosaardbei;;;;;;;;;;;;;;;;;;;;;;;;;;;;;;;;;;;;;;;;;;;;;;;;;;2.0;;;;;;;;;;;;;;;;;;;;2.0;;;;;;;;;;;;;;;;;;;;;;;;;;;;;;;0.0;
Hogere plant;Hypericum species - Hertshooi (G);;;;;;;;;;;;;;;;;;;;;;;;;;;;;;;;;;;;;;;;;;;;;;;;;;2.0;;;;;;;;;1.0;;;;;;;;;;;;;;;;;;;;;;;;;;;;;;;;;;;;;;;;;;0.0;
Hogere plant;Populus tremula - Ratelpopulier;;;;;;;;;;;;;;;;;;;;;;;;;;;;;;;;;;;;;;;;;;;;;;;;;;2.0;;;;;;;;;;;;;;;;;;;;2.0;;;;;;;;;;;;;;;;;;;;;;;;;;;;;;;0.0;
Hogere plant;Prunus spinosa - Sleedoorn;;;;;;;;;;;;;;;;;;;;;;;;;;;;;;;;;;;;;;;;;;;;;;;;;;8.0;;;;;;;;;;;;;;;;;;;;8.0;;;;;;;;;;;;;;;;;;;;;;;;;;;;;;;0.0;
Hogere plant;Senecio vulgaris - Klein kruiskruid;;;;;;;;;;;;;;;;;;;;;;;;;;;;;;;;;;;;;;;;;;;;;;;;;;1.0;;;;;;;;;;;;;;;;;;;;;;;;;;;;;;;;;;;;;;;;;;;;;;;;;;;0.0;
Hogere plant;Viola species - Viooltje (G);;;;;;;;;;;;;;;;;;;;;;;;;;;;;;;;;;;;;;;;;;;;;;;;;;2.0;;;;;;;;;;;;;;;;;;;;;;;;;;;;;;;;;;;;;;;;;;;;;;;;;;;0.0;
Hogere plant;Lotus corniculatus / glaber - Gewone / Smalle rolklaver;;;;;;;;;;;;;;;;;;;;;;;;;;;;;;;;;;;;;;;;;;;;;;;;;;;8.0;;1.0;;2.0;;;;;;8.0;8.0;;;;;;;;;;;3.0;;;;;;2.0;;;;;;;;;;;;;;;;;;;;;;0.0;
Hogere plant;Ornithogalum species - Vogelmelk (G);;;;;;;;;;;;;;;;;;;;;;;;;;;;;;;;;;;;;;;;;;;;;;;;;;;2.0;;;;;;;;;;;;;;;;;;;;;;;;;;;;;;;;;;;;;;;;;;;;;;;;;;0.0;
Hogere plant;Poa pratensis / angustifolia / irrigata - Veld- / Smal / Berijpt beemdgras;;;;;;;;;;;;;;;;;;;;;;;;;;;;;;;;;;;;;;;;;;;;;;;;;;;8.0;;3.0;;;3.0;;;;;;;2.0;;2.0;8.0;;;;;;;;;;;;;;;;;;;;;;;;;;;;;;;;;;;0.0;
Hogere plant;Prunus species - Prunus (G);;;;;;;;;;;;;;;;;;;;;;;;;;;;;;;;;;;;;;;;;;;;;;;;;;;2.0;;;;;;;;;;;;;;;;;;;;;;;1.0;;;2.0;;;;;;;;;;;;;;;;;;;;;;;;0.0;
Hogere plant;Ranunculus bulbosus - Knolboterbloem;;;;;;;;;;;;;;;;;;;;;;;;;;;;;;;;;;;;;;;;;;;;;;;;;;;3.0;;;;;;;;;;;;;;;;;;;;;;;;;;;;;;;;;;;;;;;;;;;;;;;;;;0.0;
Hogere plant;Taraxacum officinale - Paardenbloem;;;;;;;;;;;;;;;;;;;;;;;;;;;;;;;;;;;;;;;;;;;;;;;;;;;2.0;;2.0;;2.0;2.0;2.0;2.0;;;2.0;8.0;2.0;2.0;2.0;8.0;;2.0;2.0;;;2.0;;;8.0;2.0;;2.0;;2.0;;;;4.0;;3.0;;;2.0;;;2.0;;;;;;;;;0.0;
Hogere plant;Narcissus species - Narcis (G);;;;;;;;;;;;;;;;;;;;;;;;;;;;;;;;;;;;;;;;;;;;;;;;;;;;3.0;;;;;;;;;;2.0;;;;;;;;;;;;;1.0;;;;;;;;;;;;;;;;;;;;;;;;;;0.0;
Hogere plant;Ophrys apifera - Bijenorchis;;;;;;;;;;;;;;;;;;;;;;;;;;;;;;;;;;;;;;;;;;;;;;;;;;;;2.0;;;;;;;;;;;;;;;;;;;;;;;;;;;;;;;;;;;;;;;;;;;;;;;;;0.0;
Hogere plant;Alopecurus pratensis - Grote vossenstaart;;;;;;;;;;;;;;;;;;;;;;;;;;;;;;;;;;;;;;;;;;;;;;;;;;;;;;2.0;;;;;;;;;;;;;;;;;;;;;;;;;;2.0;;;;;;;;;;;;;;;;;;;;;0.0;
Hogere plant;Ficaria verna - Gewoon speenkruid;;;;;;;;;;;;;;;;;;;;;;;;;;;;;;;;;;;;;;;;;;;;;;;;;;;;;;2.0;;;;;;;;;;;;;;;;;;;;;;;;;;;;;;;;;;;;;;;;;;;;;;;0.0;
Hogere plant;Isatis tinctoria - Wede;;;;;;;;;;;;;;;;;;;;;;;;;;;;;;;;;;;;;;;;;;;;;;;;;;;;;;;2.0;;;;;;;;;;;;;;;;;;;;;;;;;;;;;;;;;;;;;;;;;;;;;;0.0;
Hogere plant;Plantago media - Ruige weegbree;;;;;;;;;;;;;;;;;;;;;;;;;;;;;;;;;;;;;;;;;;;;;;;;;;;;;;;1.0;;;;;;;;;;;;;2.0;2.0;;;;;;;;;;;;;;;;;;;;;;;;;;;;;;;;0.0;
Hogere plant;Saxifraga granulata - Knolsteenbreek;;;;;;;;;;;;;;;;;;;;;;;;;;;;;;;;;;;;;;;;;;;;;;;;;;;;;;;1.0;;;;;;;;;;;;;2.0;;;;;;;;;;;;;;;;;;;;;;;;;;;;;;;;;0.0;
Hogere plant;Tragopogon pratensis subsp. pratensis - Gele morgenster;;;;;;;;;;;;;;;;;;;;;;;;;;;;;;;;;;;;;;;;;;;;;;;;;;;;;;;2.0;2.0;;;;;;;;;;;;;;;;;;;;;;;;;;;;;;;;;;;;;;;;;;;;;0.0;
Hogere plant;Crepis biennis - Groot streepzaad;;;;;;;;;;;;;;;;;;;;;;;;;;;;;;;;;;;;;;;;;;;;;;;;;;;;;;;;2.0;2.0;;;;2.0;;;;;;;;;;;;;;;;;;;;;;;;;;;;;;;;;;;;;;;;0.0;
Hogere plant;Agrimonia eupatoria - Gewone agrimonie;;;;;;;;;;;;;;;;;;;;;;;;;;;;;;;;;;;;;;;;;;;;;;;;;;;;;;;;;2.0;;;;;;;;;;;;;;;;;;;;;;;;;;;;;;;;;;;;;;;;;;;;0.0;
Hogere plant;Picris hieracioides - Echt bitterkruid;;;;;;;;;;;;;;;;;;;;;;;;;;;;;;;;;;;;;;;;;;;;;;;;;;;;;;;;;2.0;;;;;;;;;;;2.0;;;;;;;;;;;;;;;;;;;;;;;;;;;;;;;;;0.0;
Hogere plant;Verbascum species - Toorts (G);;;;;;;;;;;;;;;;;;;;;;;;;;;;;;;;;;;;;;;;;;;;;;;;;;;;;;;;;2.0;;;;;;;;;;;;;;;;;;;;;;;;;;;;;;;;;;;2.0;;;;;;;;;0.0;
Hogere plant;Glyceria fluitans - Mannagras;;;;;;;;;;;;;;;;;;;;;;;;;;;;;;;;;;;;;;;;;;;;;;;;;;;;;;;;;;;8.0;;;;;;;;;;;;;;;;;;;;;;;;;;;;2.0;;;8.0;8.0;;;;;;;;;;0.0;
Hogere plant;Ranunculus sceleratus - Blaartrekkende boterbloem;;;;;;;;;;;;;;;;;;;;;;;;;;;;;;;;;;;;;;;;;;;;;;;;;;;;;;;;;;;1.0;;;;;;;;;;;;;;;;;;;;;8.0;;;;;1.0;;;;;;8.0;;;;;;;;;;0.0;
Hogere plant;Cardamine pratensis subsp. pratensis - Pinksterbloem subsp. pratensis;;;;;;;;;;;;;;;;;;;;;;;;;;;;;;;;;;;;;;;;;;;;;;;;;;;;;;;;;;;;2.0;;;;;;;;;;;;;;;;;;;;;;;;;;;;;;;;;;;;;;;;;0.0;
Hogere plant;Silene gallica - Franse silene;;;;;;;;;;;;;;;;;;;;;;;;;;;;;;;;;;;;;;;;;;;;;;;;;;;;;;;;;;;;;2.0;;;;;;;;2.0;;;;;;;;;;;;;;;;;;;;;;;;;;;;;;;;0.0;
Hogere plant;Veronica chamaedrys - Gewone ereprijs;;;;;;;;;;;;;;;;;;;;;;;;;;;;;;;;;;;;;;;;;;;;;;;;;;;;;;;;;;;;;2.0;;;;;;;;;;;;;;;;;;;;;;;;;;;;;;;;;;;;;;;;0.0;
Hogere plant;Bromus hordeaceus - Zachte dravik;;;;;;;;;;;;;;;;;;;;;;;;;;;;;;;;;;;;;;;;;;;;;;;;;;;;;;;;;;;;;;;2.0;2.0;;2.0;;;;;;;;1.0;2.0;;;;;;;;;;;2.0;;;;;;;;;;;;;;;0.0;
Hogere plant;Festuca brevipila - Hard zwenkgras;;;;;;;;;;;;;;;;;;;;;;;;;;;;;;;;;;;;;;;;;;;;;;;;;;;;;;;;;;;;;;;8.0;8.0;2.0;8.0;;2.0;;;;;;;;;;;;;;;;;;;;;;;;;;;;;;;;;0.0;
Hogere plant;Vicia tetrasperma subsp. tetrasperma - Vierzadige wikke;;;;;;;;;;;;;;;;;;;;;;;;;;;;;;;;;;;;;;;;;;;;;;;;;;;;;;;;;;;;;;;;2.0;;;;;;;;;;;;;;;;;;;;;;;;;;;;;;;;;;;;;0.0;
Hogere plant;Malus x domestica - Eetappel;;;;;;;;;;;;;;;;;;;;;;;;;;;;;;;;;;;;;;;;;;;;;;;;;;;;;;;;;;;;;;;;;2.0;;;;;;;;;;;;;;;;;;;;;;;;;;;;;;;;;;;;0.0;
Hogere plant;Festuca guestfalica / lemanii / filiformis - Schapengras;;;;;;;;;;;;;;;;;;;;;;;;;;;;;;;;;;;;;;;;;;;;;;;;;;;;;;;;;;;;;;;;;;;2.0;;;;;;;;;;;;;;;;;;;;;;;;;;;;;;;;;;0.0;
Hogere plant;Luzula multiflora subsp. multiflora - Veelbloemige veldbies;;;;;;;;;;;;;;;;;;;;;;;;;;;;;;;;;;;;;;;;;;;;;;;;;;;;;;;;;;;;;;;;;;;;2.0;;;;;;;;;;;;;;;;;;;;;;;;;;;;;;;;;0.0;
Hogere plant;Anchusa officinalis - Gewone ossentong;;;;;;;;;;;;;;;;;;;;;;;;;;;;;;;;;;;;;;;;;;;;;;;;;;;;;;;;;;;;;;;;;;;;;2.0;;;;;;;;;;;;;;;;;;;;;;;;;;;;;;;;0.0;
Hogere plant;Barbarea vulgaris - Gewoon barbarakruid;;;;;;;;;;;;;;;;;;;;;;;;;;;;;;;;;;;;;;;;;;;;;;;;;;;;;;;;;;;;;;;;;;;;;2.0;;;2.0;;;;;;;;;;;3.0;;3.0;;;;;;;;;;;;;;;;0.0;
Hogere plant;Tripleurospermum maritimum - Reukeloze kamille;;;;;;;;;;;;;;;;;;;;;;;;;;;;;;;;;;;;;;;;;;;;;;;;;;;;;;;;;;;;;;;;;;;;;2.0;;;;;;;;;;;;;;;;;;;;;;;;;;;;;;;;0.0;
Hogere plant;Carex panicea - Blauwe zegge;;;;;;;;;;;;;;;;;;;;;;;;;;;;;;;;;;;;;;;;;;;;;;;;;;;;;;;;;;;;;;;;;;;;;;;2.0;;;;;;;;;;;;;;;;;;;;;;;;;;;;;;0.0;
Hogere plant;Carex pulicaris - Vlozegge;;;;;;;;;;;;;;;;;;;;;;;;;;;;;;;;;;;;;;;;;;;;;;;;;;;;;;;;;;;;;;;;;;;;;;;2.0;;;;;;;;;;;;;;;;;;;;;;;;;;;;;;0.0;
Hogere plant;Viburnum opulus - Gelderse roos;;;;;;;;;;;;;;;;;;;;;;;;;;;;;;;;;;;;;;;;;;;;;;;;;;;;;;;;;;;;;;;;;;;;;;;;2.0;;;;;;;;;;;;;;;;;;;;;;;;;;;;;0.0;
Hogere plant;Cardamine pratensis - Pinksterbloem;;;;;;;;;;;;;;;;;;;;;;;;;;;;;;;;;;;;;;;;;;;;;;;;;;;;;;;;;;;;;;;;;;;;;;;;;;1.0;;;2.0;;;3.0;;;;;;;;;;;;;;;;;;;;;0.0;
Hogere plant;Pulicaria dysenterica - Heelblaadjes;;;;;;;;;;;;;;;;;;;;;;;;;;;;;;;;;;;;;;;;;;;;;;;;;;;;;;;;;;;;;;;;;;;;;;;;;;2.0;;;;;;;;;;;;;;;;;;;;;;;;;;;0.0;
Hogere plant;Hieracium species - Havikskruid (G);;;;;;;;;;;;;;;;;;;;;;;;;;;;;;;;;;;;;;;;;;;;;;;;;;;;;;;;;;;;;;;;;;;;;;;;;;;2.0;;;;;;;;;;;;;;;;;;;;;;;;;;0.0;
Hogere plant;Securigera varia - Bont kroonkruid;;;;;;;;;;;;;;;;;;;;;;;;;;;;;;;;;;;;;;;;;;;;;;;;;;;;;;;;;;;;;;;;;;;;;;;;;;;8.0;;;;;;;;;;;;;;;;;;;;;;;;;;0.0;
Hogere plant;Veronica longifolia - Lange ereprijs;;;;;;;;;;;;;;;;;;;;;;;;;;;;;;;;;;;;;;;;;;;;;;;;;;;;;;;;;;;;;;;;;;;;;;;;;;;2.0;;;;;;;;;;;;;;2.0;;;;;;;;;;;;0.0;
Hogere plant;Acer species - Esdoorn (G);;;;;;;;;;;;;;;;;;;;;;;;;;;;;;;;;;;;;;;;;;;;;;;;;;;;;;;;;;;;;;;;;;;;;;;;;;;;1.0;;;;;;;;;;;;;;;;;;;;;;;;;0.0;
Mos;Bryum capillare - Gedraaid knikmos;;;;;;;;;;;;;;;;;;;;;;;;;;;;;;;;;;;;;;;;;;;;;;;;;;;;;;;;;;;;;;;;;;;;;;;;;;;;2.0;;;;;;;;;;;;;;;;;;;;;;;;;0.0;
Hogere plant;Sonchus asper - Gekroesde melkdistel;;;;;;;;;;;;;;;;;;;;;;;;;;;;;;;;;;;;;;;;;;;;;;;;;;;;;;;;;;;;;;;;;;;;;;;;;;;;2.0;;;;;;;;;;;;;;;;2.0;;;;;;;;;0.0;
Hogere plant;Colchicum autumnale - Herfsttijloos;;;;;;;;;;;;;;;;;;;;;;;;;;;;;;;;;;;;;;;;;;;;;;;;;;;;;;;;;;;;;;;;;;;;;;;;;;;;;2.0;;;;;;;;;;;;;;;;;;;;;;;;0.0;
Mos;Plagiomnium affine - Rond boogsterrenmos;;;;;;;;;;;;;;;;;;;;;;;;;;;;;;;;;;;;;;;;;;;;;;;;;;;;;;;;;;;;;;;;;;;;;;;;;;;;;2.0;;;;;;;;;;;;;;;;;;;;;;;;0.0;
Hogere plant;Cerastium fontanum subsp. vulgare - Gewone hoornbloem;;;;;;;;;;;;;;;;;;;;;;;;;;;;;;;;;;;;;;;;;;;;;;;;;;;;;;;;;;;;;;;;;;;;;;;;;;;;;;3.0;;;;;;2.0;2.0;;;;2.0;;;;;;;;;;;;0.0;
Hogere plant;Erigeron species - Fijnstraal (G);;;;;;;;;;;;;;;;;;;;;;;;;;;;;;;;;;;;;;;;;;;;;;;;;;;;;;;;;;;;;;;;;;;;;;;;;;;;;;1.0;;;;;;;;;;;;;;;;;;;;;;;0.0;
Hogere plant;Rosa canina - Hondsroos;;;;;;;;;;;;;;;;;;;;;;;;;;;;;;;;;;;;;;;;;;;;;;;;;;;;;;;;;;;;;;;;;;;;;;;;;;;;;;;2.0;;;;;;;;;;;;;;3.0;;;;;;;;0.0;
Hogere plant;Dactylorhiza praetermissa var. junialis;;;;;;;;;;;;;;;;;;;;;;;;;;;;;;;;;;;;;;;;;;;;;;;;;;;;;;;;;;;;;;;;;;;;;;;;;;;;;;;;1.0;;;;;;;;;;;;;;;;;;;;;0.0;
Hogere plant;Heracleum mantegazzianum - Reuzenberenklauw;;;;;;;;;;;;;;;;;;;;;;;;;;;;;;;;;;;;;;;;;;;;;;;;;;;;;;;;;;;;;;;;;;;;;;;;;;;;;;;;1.0;;;;;;;;;;;;;;;;;;;;;0.0;
Mos;Leptodictyum riparium - Beekmos;;;;;;;;;;;;;;;;;;;;;;;;;;;;;;;;;;;;;;;;;;;;;;;;;;;;;;;;;;;;;;;;;;;;;;;;;;;;;;;;2.0;3.0;2.0;;;;;;;;8.0;8.0;;;;;2.0;2.0;2.0;;;0.0;
Hogere plant;Alisma lanceolatum / plantago-aquatica - Slanke / Grote waterweegbree;;;;;;;;;;;;;;;;;;;;;;;;;;;;;;;;;;;;;;;;;;;;;;;;;;;;;;;;;;;;;;;;;;;;;;;;;;;;;;;;;2.0;2.0;;;;;;;;;;;;;;;;;;;0.0;
Hogere plant;Alopecurus geniculatus - Geknikte vossenstaart;;;;;;;;;;;;;;;;;;;;;;;;;;;;;;;;;;;;;;;;;;;;;;;;;;;;;;;;;;;;;;;;;;;;;;;;;;;;;;;;;;8.0;;;;;;;;;;;;;;;;;;;0.0;
Hogere plant;Potamogeton obtusifolius - Stomp fonteinkruid;;;;;;;;;;;;;;;;;;;;;;;;;;;;;;;;;;;;;;;;;;;;;;;;;;;;;;;;;;;;;;;;;;;;;;;;;;;;;;;;;;3.0;;;;;;;;;;;;;;;;;;;0.0;
Hogere plant;Rumex species - Zuring (G);;;;;;;;;;;;;;;;;;;;;;;;;;;;;;;;;;;;;;;;;;;;;;;;;;;;;;;;;;;;;;;;;;;;;;;;;;;;;;;;;;1.0;;;;;;;;;;;;;;;;;;;0.0;
Hogere plant;Gnaphalium uliginosum - Moerasdroogbloem;;;;;;;;;;;;;;;;;;;;;;;;;;;;;;;;;;;;;;;;;;;;;;;;;;;;;;;;;;;;;;;;;;;;;;;;;;;;;;;;;;;8.0;;;;;;;;;;;;;;;;;;0.0;
Hogere plant;Lipandra polysperma - Korrelganzenvoet;;;;;;;;;;;;;;;;;;;;;;;;;;;;;;;;;;;;;;;;;;;;;;;;;;;;;;;;;;;;;;;;;;;;;;;;;;;;;;;;;;;2.0;;;;;3.0;;;;;;;;;;;;;0.0;
Hogere plant;Persicaria maculosa - Perzikkruid;;;;;;;;;;;;;;;;;;;;;;;;;;;;;;;;;;;;;;;;;;;;;;;;;;;;;;;;;;;;;;;;;;;;;;;;;;;;;;;;;;;2.0;;;;;8.0;;;;2.0;;;;;;;;;0.0;
Hogere plant;Silene dioica - Dagkoekoeksbloem;;;;;;;;;;;;;;;;;;;;;;;;;;;;;;;;;;;;;;;;;;;;;;;;;;;;;;;;;;;;;;;;;;;;;;;;;;;;;;;;;;;2.0;;2.0;;;;;;;;;;;;;;;;0.0;
Hogere plant;Spergula arvensis - Gewone spurrie;;;;;;;;;;;;;;;;;;;;;;;;;;;;;;;;;;;;;;;;;;;;;;;;;;;;;;;;;;;;;;;;;;;;;;;;;;;;;;;;;;;2.0;;;;;;;;;;;;;;;;;;0.0;
Hogere plant;Campanula rotundifolia - Grasklokje;;;;;;;;;;;;;;;;;;;;;;;;;;;;;;;;;;;;;;;;;;;;;;;;;;;;;;;;;;;;;;;;;;;;;;;;;;;;;;;;;;;;;1.0;;;;;;;;;;;;;;;;0.0;
Hogere plant;Oxybasis rubra - Rode ganzenvoet;;;;;;;;;;;;;;;;;;;;;;;;;;;;;;;;;;;;;;;;;;;;;;;;;;;;;;;;;;;;;;;;;;;;;;;;;;;;;;;;;;;;;2.0;;;;;;;;;;;;;;;;0.0;
Hogere plant;Reseda lutea - Wilde reseda;;;;;;;;;;;;;;;;;;;;;;;;;;;;;;;;;;;;;;;;;;;;;;;;;;;;;;;;;;;;;;;;;;;;;;;;;;;;;;;;;;;;;2.0;;;;;;;;;;;;;;;;0.0;
Hogere plant;Reseda luteola - Wouw;;;;;;;;;;;;;;;;;;;;;;;;;;;;;;;;;;;;;;;;;;;;;;;;;;;;;;;;;;;;;;;;;;;;;;;;;;;;;;;;;;;;;3.0;;;;;;;;;;;;;;;;0.0;
Hogere plant;Erysimum cheiranthoides - Gewone steenraket;;;;;;;;;;;;;;;;;;;;;;;;;;;;;;;;;;;;;;;;;;;;;;;;;;;;;;;;;;;;;;;;;;;;;;;;;;;;;;;;;;;;;;;;2.0;;;;;;;;;;;;;0.0;
Hogere plant;Galeopsis tetrahit - Gewone hennepnetel;;;;;;;;;;;;;;;;;;;;;;;;;;;;;;;;;;;;;;;;;;;;;;;;;;;;;;;;;;;;;;;;;;;;;;;;;;;;;;;;;;;;;;;;2.0;;;;;;;;;;;;;0.0;
Hogere plant;Melilotus species - Honingklaver (G);;;;;;;;;;;;;;;;;;;;;;;;;;;;;;;;;;;;;;;;;;;;;;;;;;;;;;;;;;;;;;;;;;;;;;;;;;;;;;;;;;;;;;;;2.0;2.0;;;2.0;;;;;;;;;0.0;
Hogere plant;Solanum nigrum - Zwarte nachtschade;;;;;;;;;;;;;;;;;;;;;;;;;;;;;;;;;;;;;;;;;;;;;;;;;;;;;;;;;;;;;;;;;;;;;;;;;;;;;;;;;;;;;;;;2.0;;;;2.0;;;;;;;;;0.0;
Hogere plant;Aster ageratoides;;;;;;;;;;;;;;;;;;;;;;;;;;;;;;;;;;;;;;;;;;;;;;;;;;;;;;;;;;;;;;;;;;;;;;;;;;;;;;;;;;;;;;;;;8.0;;;;;;;;;;;;0.0;
Hogere plant;Clinopodium calamintha - Kleine bergsteentijm;;;;;;;;;;;;;;;;;;;;;;;;;;;;;;;;;;;;;;;;;;;;;;;;;;;;;;;;;;;;;;;;;;;;;;;;;;;;;;;;;;;;;;;;;2.0;;;;;;;;;;;;0.0;
Hogere plant;Echinops sphaerocephalus - Beklierde kogeldistel;;;;;;;;;;;;;;;;;;;;;;;;;;;;;;;;;;;;;;;;;;;;;;;;;;;;;;;;;;;;;;;;;;;;;;;;;;;;;;;;;;;;;;;;;2.0;;;;;;;;;;;;0.0;
Hogere plant;Fallopia convolvulus - Zwaluwtong;;;;;;;;;;;;;;;;;;;;;;;;;;;;;;;;;;;;;;;;;;;;;;;;;;;;;;;;;;;;;;;;;;;;;;;;;;;;;;;;;;;;;;;;;2.0;;;;;;;;;;;;0.0;
Hogere plant;Hylotelephium spectabile - Roze hemelsleutel;;;;;;;;;;;;;;;;;;;;;;;;;;;;;;;;;;;;;;;;;;;;;;;;;;;;;;;;;;;;;;;;;;;;;;;;;;;;;;;;;;;;;;;;;2.0;;;;;;;;;;;;0.0;
Hogere plant;Nepeta racemosa - Blauw kattenkruid;;;;;;;;;;;;;;;;;;;;;;;;;;;;;;;;;;;;;;;;;;;;;;;;;;;;;;;;;;;;;;;;;;;;;;;;;;;;;;;;;;;;;;;;;2.0;;;;;;;;;;;;0.0;
Hogere plant;Oenothera lindheimeri - Prachtkaars;;;;;;;;;;;;;;;;;;;;;;;;;;;;;;;;;;;;;;;;;;;;;;;;;;;;;;;;;;;;;;;;;;;;;;;;;;;;;;;;;;;;;;;;;8.0;;;;;;;;;;;;0.0;
Hogere plant;Stachys byzantina - Wollige andoorn;;;;;;;;;;;;;;;;;;;;;;;;;;;;;;;;;;;;;;;;;;;;;;;;;;;;;;;;;;;;;;;;;;;;;;;;;;;;;;;;;;;;;;;;;2.0;;;;;;;;;;;;0.0;
Hogere plant;Polygonatum verticillatum - Kranssalomonszegel;;;;;;;;;;;;;;;;;;;;;;;;;;;;;;;;;;;;;;;;;;;;;;;;;;;;;;;;;;;;;;;;;;;;;;;;;;;;;;;;;;;;;;;;;;;;2.0;;;;;;;;;0.0;
Hogere plant;Sonchus oleraceus - Gewone melkdistel;;;;;;;;;;;;;;;;;;;;;;;;;;;;;;;;;;;;;;;;;;;;;;;;;;;;;;;;;;;;;;;;;;;;;;;;;;;;;;;;;;;;;;;;;;;;2.0;;;;;;;;;0.0;
Hogere plant;Veronica persica - Grote ereprijs;;;;;;;;;;;;;;;;;;;;;;;;;;;;;;;;;;;;;;;;;;;;;;;;;;;;;;;;;;;;;;;;;;;;;;;;;;;;;;;;;;;;;;;;;;;;2.0;;;;;;;;;0.0;
Hogere plant;Berberis aquifolium - Mahonie;;;;;;;;;;;;;;;;;;;;;;;;;;;;;;;;;;;;;;;;;;;;;;;;;;;;;;;;;;;;;;;;;;;;;;;;;;;;;;;;;;;;;;;;;;;;;2.0;;;;;;;;0.0;
Hogere plant;Quercus palustris - Moeraseik;;;;;;;;;;;;;;;;;;;;;;;;;;;;;;;;;;;;;;;;;;;;;;;;;;;;;;;;;;;;;;;;;;;;;;;;;;;;;;;;;;;;;;;;;;;;;2.0;;;;;;;;0.0;
Hogere plant;Brassica rapa - Raapzaad;;;;;;;;;;;;;;;;;;;;;;;;;;;;;;;;;;;;;;;;;;;;;;;;;;;;;;;;;;;;;;;;;;;;;;;;;;;;;;;;;;;;;;;;;;;;;;2.0;;;;;;;0.0;
Hogere plant;Epipactis helleborine - Brede wespenorchis / Duinwespenorchis;;;;;;;;;;;;;;;;;;;;;;;;;;;;;;;;;;;;;;;;;;;;;;;;;;;;;;;;;;;;;;;;;;;;;;;;;;;;;;;;;;;;;;;;;;;;;;2.0;;;;;;2.0;0.0;
Hogere plant;Geranium robertianum - Robertskruid;;;;;;;;;;;;;;;;;;;;;;;;;;;;;;;;;;;;;;;;;;;;;;;;;;;;;;;;;;;;;;;;;;;;;;;;;;;;;;;;;;;;;;;;;;;;;;3.0;;;;;;;0.0;
Hogere plant;Juncus acutiflorus / articulatus - Veld- / Zomprus;;;;;;;;;;;;;;;;;;;;;;;;;;;;;;;;;;;;;;;;;;;;;;;;;;;;;;;;;;;;;;;;;;;;;;;;;;;;;;;;;;;;;;;;;;;;;;;;;4.0;;;;0.0;
Hogere plant;Rumex conglomeratus - Kluwenzuring;;;;;;;;;;;;;;;;;;;;;;;;;;;;;;;;;;;;;;;;;;;;;;;;;;;;;;;;;;;;;;;;;;;;;;;;;;;;;;;;;;;;;;;;;;;;;;;;;1.0;;;;0.0;
Hogere plant;Juncus inflexus - Zeegroene rus;;;;;;;;;;;;;;;;;;;;;;;;;;;;;;;;;;;;;;;;;;;;;;;;;;;;;;;;;;;;;;;;;;;;;;;;;;;;;;;;;;;;;;;;;;;;;;;;;;1.0;;;0.0;
Hogere plant;Melampyrum pratense - Hengel;;;;;;;;;;;;;;;;;;;;;;;;;;;;;;;;;;;;;;;;;;;;;;;;;;;;;;;;;;;;;;;;;;;;;;;;;;;;;;;;;;;;;;;;;;;;;;;;;;;;2.0;0.0;
Hogere plant;Rhododendron ponticum - Pontische rododendron;;;;;;;;;;;;;;;;;;;;;;;;;;;;;;;;;;;;;;;;;;;;;;;;;;;;;;;;;;;;;;;;;;;;;;;;;;;;;;;;;;;;;;;;;;;;;;;;;;;;8.0;0.0;
Hogere plant;Sorbus intermedia - Zweedse lijsterbes;;;;;;;;;;;;;;;;;;;;;;;;;;;;;;;;;;;;;;;;;;;;;;;;;;;;;;;;;;;;;;;;;;;;;;;;;;;;;;;;;;;;;;;;;;;;;;;;;;;;2.0;0.0;
